account_id,customer_id,account_number,account_type,product_id,branch_id,ifsc_code,balance,currency,open_date,close_date,status,nominee_name
ACC00000001,CUST000001,768881829064,SAVINGS,PRD002,BR0027,CNRB0425261,1749298.9,INR,2023-08-24,,ACTIVE,Ananya Banerjee
ACC00000002,CUST000002,136495713814,FD,PRD007,BR0021,CNRB0883534,1947142.94,INR,2024-01-01,,ACTIVE,Arun Kulkarni
ACC00000003,CUST000003,038850906005,FD,PRD007,BR0022,AXIS0961253,2195693.88,INR,2019-01-12,,ACTIVE,Neha Dutta
ACC00000004,CUST000003,620504798785,NRI,PRD005,BR0004,CNRB0703105,1847729.94,INR,2011-10-10,,CLOSED,Ishaan Nair
ACC00000005,CUST000004,086178842793,CURRENT,PRD003,BR0018,UBIN0531558,2441781.42,INR,2017-02-24,,ACTIVE,Uday Iyer
ACC00000006,CUST000005,520344533155,RD,PRD008,BR0047,SBIN0360830,140599.82,INR,2019-07-19,,CLOSED,Pallavi Bhat
ACC00000007,CUST000006,822704534418,CURRENT,PRD003,BR0017,UBIN0616134,659293.07,INR,2021-08-15,,CLOSED,Ravi Thakur
ACC00000008,CUST000007,280733722980,FD,PRD006,BR0046,SBIN0165989,293440.96,INR,2016-06-01,,ACTIVE,Vishal Yadav
ACC00000009,CUST000007,151570532396,CURRENT,PRD003,BR0036,PUNB0473002,653281.0,INR,2024-08-26,,CLOSED,Rekha Nair
ACC00000010,CUST000008,544380863560,SALARY,PRD004,BR0041,CNRB0627871,1400687.36,INR,2024-09-04,,CLOSED,Pooja Pillai
ACC00000011,CUST000008,742825774377,SAVINGS,PRD002,BR0034,BKID0742910,1422680.65,INR,2014-03-23,,CLOSED,Madhuri Reddy
ACC00000012,CUST000009,895189100820,NRI,PRD005,BR0004,PUNB0812845,2117254.28,INR,2025-01-04,,DORMANT,Pooja Bhat
ACC00000013,CUST000009,251350211366,FD,PRD006,BR0021,BKID0503793,292433.34,INR,2025-07-25,,ACTIVE,Vikram Chopra
ACC00000014,CUST000010,153478185735,CURRENT,PRD003,BR0031,BKID0852814,222194.19,INR,2011-11-29,,ACTIVE,Kavya Saxena
ACC00000015,CUST000010,629765216488,SALARY,PRD004,BR0010,BARB0662458,767690.15,INR,2016-08-30,,DORMANT,Shreya Dutta
ACC00000016,CUST000011,477810957643,CURRENT,PRD003,BR0002,BARB0320591,340836.01,INR,2019-09-05,2024-03-12,DORMANT,Manish Chatterjee
ACC00000017,CUST000012,857810795575,NRI,PRD005,BR0028,AXIS0974052,2109458.5,INR,2022-02-06,,ACTIVE,Raj Jain
ACC00000018,CUST000013,644883528253,SALARY,PRD004,BR0045,BARB0169025,2384078.41,INR,2019-11-14,,DORMANT,Deepak Banerjee
ACC00000019,CUST000013,573230104317,SAVINGS,PRD001,BR0001,UBIN0407565,219858.65,INR,2012-05-17,,ACTIVE,Aarav Mishra
ACC00000020,CUST000014,599588149615,NRI,PRD005,BR0005,IDIB0848225,756730.23,INR,2012-03-16,,ACTIVE,Madhuri Yadav
ACC00000021,CUST000014,530878717506,CURRENT,PRD003,BR0042,UBIN0249648,235649.92,INR,2011-04-28,,ACTIVE,Uday Pandey
ACC00000022,CUST000015,454186516458,RD,PRD008,BR0041,UBIN0767871,1004563.91,INR,2010-08-04,,ACTIVE,Rahul Khanna
ACC00000023,CUST000016,758839186168,SAVINGS,PRD001,BR0034,PUNB0795082,104437.53,INR,2025-07-28,,ACTIVE,Pankaj Khan
ACC00000024,CUST000016,670423133746,SALARY,PRD004,BR0017,ICIC0886039,1058739.35,INR,2014-09-19,,ACTIVE,Pankaj Mishra
ACC00000025,CUST000017,986503228796,FD,PRD006,BR0013,SBIN0329539,1768392.46,INR,2011-09-11,,CLOSED,Aditya Bose
ACC00000026,CUST000018,620451635015,RD,PRD008,BR0037,BKID0155302,672618.11,INR,2011-09-16,,CLOSED,Yash Sinha
ACC00000027,CUST000019,010528688374,FD,PRD006,BR0011,PUNB0879665,1089517.2,INR,2019-10-08,,ACTIVE,Ishaan Saxena
ACC00000028,CUST000020,165439584520,RD,PRD008,BR0002,PUNB0520485,2367935.3,INR,2017-09-27,,ACTIVE,Sunil Desai
ACC00000029,CUST000021,632487264614,FD,PRD006,BR0019,AXIS0577606,463872.78,INR,2019-03-13,,ACTIVE,Nandini Das
ACC00000030,CUST000021,528113762720,RD,PRD008,BR0031,BKID0967681,97292.32,INR,2019-09-25,,DORMANT,Shubham Dutta
ACC00000031,CUST000021,347933302290,RD,PRD008,BR0008,AXIS0576530,412817.66,INR,2017-05-07,,CLOSED,Rohit Das
ACC00000032,CUST000022,070725220329,SALARY,PRD004,BR0016,SBIN0380272,2058955.03,INR,2025-06-25,,DORMANT,Anjali Agarwal
ACC00000033,CUST000023,425865329258,SALARY,PRD004,BR0036,ICIC0140656,679435.49,INR,2023-01-31,,ACTIVE,Shreya Nair
ACC00000034,CUST000024,935116574900,CURRENT,PRD003,BR0043,SBIN0143482,1198031.44,INR,2016-03-19,,ACTIVE,Yash Reddy
ACC00000035,CUST000025,978470828785,RD,PRD008,BR0026,HDFC0632204,2033144.97,INR,2015-07-21,,ACTIVE,Akash Joshi
ACC00000036,CUST000025,328198596401,FD,PRD006,BR0046,BKID0184507,315729.82,INR,2022-01-27,,ACTIVE,Meera Agarwal
ACC00000037,CUST000025,516370578361,SALARY,PRD004,BR0039,AXIS0687646,2239839.33,INR,2024-12-20,,CLOSED,Madhuri Ghosh
ACC00000038,CUST000026,931735778607,SAVINGS,PRD001,BR0038,PUNB0642928,1213783.11,INR,2012-03-12,,DORMANT,Pooja Pillai
ACC00000039,CUST000027,790806236274,SALARY,PRD004,BR0011,IDIB0124874,2243890.06,INR,2013-06-11,,ACTIVE,Amit Dubey
ACC00000040,CUST000027,373064897678,CURRENT,PRD003,BR0033,PUNB0977891,894509.88,INR,2025-11-20,,ACTIVE,Yash Ghosh
ACC00000041,CUST000028,500266719111,SAVINGS,PRD002,BR0023,IDIB0471746,1306779.2,INR,2017-11-07,,ACTIVE,Deepa Kulkarni
ACC00000042,CUST000028,883446171516,FD,PRD006,BR0045,UBIN0907522,2190487.86,INR,2019-09-12,2023-01-01,ACTIVE,Vikram Thakur
ACC00000043,CUST000029,290717970780,FD,PRD007,BR0044,BKID0492335,1497584.99,INR,2026-03-25,,ACTIVE,Nisha Agarwal
ACC00000044,CUST000029,458665891277,SAVINGS,PRD001,BR0036,BARB0203844,1250400.97,INR,2014-11-13,,ACTIVE,Mohit Agarwal
ACC00000045,CUST000029,418620411671,SAVINGS,PRD001,BR0032,AXIS0355789,1056829.15,INR,2022-05-29,,ACTIVE,Amit Nair
ACC00000046,CUST000030,100683885214,NRI,PRD005,BR0004,BKID0332039,2056311.56,INR,2017-01-26,,CLOSED,Manish Yadav
ACC00000047,CUST000030,207539784439,FD,PRD007,BR0047,BARB0774221,2051600.76,INR,2014-10-01,,ACTIVE,Rohit Chatterjee
ACC00000048,CUST000031,777250709731,SALARY,PRD004,BR0032,CNRB0730434,1844759.66,INR,2021-09-15,,ACTIVE,Suresh Tiwari
ACC00000049,CUST000032,718309485503,SALARY,PRD004,BR0018,SBIN0797803,1495521.59,INR,2014-10-22,,ACTIVE,Bhavya Hegde
ACC00000050,CUST000033,341952623970,CURRENT,PRD003,BR0004,CNRB0803254,2193173.63,INR,2019-12-20,,CLOSED,Vikas Kumar
ACC00000051,CUST000034,183089657882,SAVINGS,PRD002,BR0029,HDFC0373935,1895905.08,INR,2022-01-12,,ACTIVE,Ishita Mishra
ACC00000052,CUST000035,355780248229,SALARY,PRD004,BR0012,ICIC0866185,1211372.63,INR,2024-03-16,,ACTIVE,Geeta Trivedi
ACC00000053,CUST000036,325243867663,NRI,PRD005,BR0009,HDFC0802949,2474457.56,INR,2014-01-30,,DORMANT,Sunil Dixit
ACC00000054,CUST000036,530140784012,NRI,PRD005,BR0032,ICIC0879674,2383806.77,INR,2024-02-19,,ACTIVE,Ishita Shah
ACC00000055,CUST000037,024837104947,FD,PRD007,BR0049,ICIC0691191,1998345.32,INR,2010-09-12,,ACTIVE,Arun Kulkarni
ACC00000056,CUST000037,248683299310,SALARY,PRD004,BR0013,UBIN0965443,853479.02,INR,2012-04-18,,ACTIVE,Saurabh Mehta
ACC00000057,CUST000038,987557556494,FD,PRD006,BR0035,IDIB0554277,208393.94,INR,2018-02-04,,DORMANT,Rajan Sinha
ACC00000058,CUST000039,536253035393,NRI,PRD005,BR0035,SBIN0277945,2400627.69,INR,2019-05-08,,ACTIVE,Vikram Gupta
ACC00000059,CUST000039,579795806448,CURRENT,PRD003,BR0049,AXIS0338277,1740503.34,INR,2024-06-05,,ACTIVE,Sunita Trivedi
ACC00000060,CUST000040,671025653986,FD,PRD006,BR0033,AXIS0951272,1031716.82,INR,2014-07-02,,ACTIVE,Meera Dixit
ACC00000061,CUST000041,913158451924,CURRENT,PRD003,BR0037,SBIN0995354,646871.59,INR,2021-05-10,,ACTIVE,Nandini Dubey
ACC00000062,CUST000041,099873711097,FD,PRD007,BR0028,BKID0839293,860197.75,INR,2024-05-03,,CLOSED,Nandini Dixit
ACC00000063,CUST000041,823273049422,SAVINGS,PRD002,BR0025,AXIS0373097,1533902.52,INR,2019-12-19,,ACTIVE,Saurabh Pandey
ACC00000064,CUST000042,174195999506,RD,PRD008,BR0017,IDIB0172324,351916.09,INR,2024-05-21,,ACTIVE,Shreya Banerjee
ACC00000065,CUST000043,067276409387,NRI,PRD005,BR0029,BKID0125788,2305625.38,INR,2024-08-17,,DORMANT,Rekha Agarwal
ACC00000066,CUST000044,391107298187,RD,PRD008,BR0029,BKID0816059,1591904.83,INR,2024-04-01,,ACTIVE,Aryan Nair
ACC00000067,CUST000044,147022679280,FD,PRD006,BR0037,CNRB0582682,590062.7,INR,2015-10-13,,ACTIVE,Chetan Shah
ACC00000068,CUST000045,144169997185,CURRENT,PRD003,BR0050,CNRB0564077,1783974.8,INR,2019-01-16,,ACTIVE,Shreya Menon
ACC00000069,CUST000046,589593861558,SAVINGS,PRD001,BR0006,ICIC0318649,1993417.11,INR,2018-10-21,,ACTIVE,Mohit Pandey
ACC00000070,CUST000046,640032239054,NRI,PRD005,BR0033,ICIC0980553,1553267.54,INR,2021-09-18,,CLOSED,Ishita Tiwari
ACC00000071,CUST000047,145969002778,NRI,PRD005,BR0025,IDIB0587032,1938120.13,INR,2014-07-03,,ACTIVE,Rekha Dubey
ACC00000072,CUST000048,214473104671,NRI,PRD005,BR0029,BARB0687994,1054978.66,INR,2019-09-24,,ACTIVE,Anand Kulkarni
ACC00000073,CUST000049,469602568493,SAVINGS,PRD002,BR0029,IDIB0353300,1928942.45,INR,2023-07-08,,DORMANT,Sanjay Kulkarni
ACC00000074,CUST000050,707304135501,FD,PRD006,BR0021,SBIN0109183,438967.41,INR,2017-08-01,,ACTIVE,Varun Iyer
ACC00000075,CUST000051,342450929919,RD,PRD008,BR0032,PUNB0750565,1965668.04,INR,2017-07-26,,ACTIVE,Kabir Agarwal
ACC00000076,CUST000051,407984685905,FD,PRD006,BR0032,BARB0670164,1565811.03,INR,2020-02-25,,ACTIVE,Arjun Bhat
ACC00000077,CUST000051,689311225373,FD,PRD006,BR0001,ICIC0965565,86438.22,INR,2023-12-10,,DORMANT,Suresh Thakur
ACC00000078,CUST000052,258030445927,SAVINGS,PRD001,BR0029,UBIN0878352,1271273.51,INR,2026-03-11,,DORMANT,Sneha Kulkarni
ACC00000079,CUST000053,119381814405,SAVINGS,PRD002,BR0043,BARB0502343,1554536.14,INR,2011-04-15,,ACTIVE,Swati Gandhi
ACC00000080,CUST000054,926053252352,FD,PRD006,BR0047,CNRB0372643,1602001.33,INR,2023-12-13,,ACTIVE,Sunil Shukla
ACC00000081,CUST000055,439431012162,SAVINGS,PRD002,BR0027,HDFC0927134,2480040.2,INR,2023-12-28,,ACTIVE,Ravi Das
ACC00000082,CUST000055,552771515412,FD,PRD006,BR0022,HDFC0168929,338491.88,INR,2020-04-15,,ACTIVE,Rohit Menon
ACC00000083,CUST000056,266498383332,FD,PRD006,BR0034,IDIB0169549,1656962.55,INR,2017-12-01,,DORMANT,Vikram Gupta
ACC00000084,CUST000057,917380674866,SAVINGS,PRD002,BR0016,IDIB0204715,1947160.72,INR,2018-07-01,,ACTIVE,Priya Singh
ACC00000085,CUST000058,705265969810,RD,PRD008,BR0025,BKID0995154,925394.22,INR,2024-01-22,,CLOSED,Rakesh Jain
ACC00000086,CUST000058,201201979973,SALARY,PRD004,BR0028,HDFC0466540,405827.52,INR,2021-01-27,,CLOSED,Anjali Rao
ACC00000087,CUST000059,982427097135,FD,PRD006,BR0050,IDIB0234252,1059377.46,INR,2025-04-03,,ACTIVE,Manish Patel
ACC00000088,CUST000059,169249179914,FD,PRD007,BR0048,AXIS0814313,866585.22,INR,2016-08-28,,ACTIVE,Kiran Singh
ACC00000089,CUST000060,685392272693,SAVINGS,PRD001,BR0025,ICIC0660489,89188.56,INR,2024-01-29,,ACTIVE,Anjali Mukherjee
ACC00000090,CUST000060,782204906023,FD,PRD006,BR0016,BARB0155773,402689.92,INR,2025-09-26,,ACTIVE,Sunil Sinha
ACC00000091,CUST000061,099964309216,FD,PRD006,BR0029,HDFC0537722,2230438.71,INR,2014-01-09,,ACTIVE,Nandini Sinha
ACC00000092,CUST000062,531965002540,FD,PRD007,BR0043,PUNB0455982,2235247.08,INR,2010-05-14,,ACTIVE,Suresh Hegde
ACC00000093,CUST000062,299170192313,FD,PRD006,BR0050,AXIS0214226,802538.92,INR,2012-06-17,,ACTIVE,Yash Gandhi
ACC00000094,CUST000063,728461616386,NRI,PRD005,BR0015,AXIS0986473,1361084.7,INR,2018-11-07,,ACTIVE,Arun Khanna
ACC00000095,CUST000064,603683277779,SAVINGS,PRD002,BR0028,IDIB0728141,546205.74,INR,2019-09-24,,ACTIVE,Amit Dubey
ACC00000096,CUST000065,298849445171,CURRENT,PRD003,BR0014,BKID0506649,1516397.03,INR,2021-05-30,,CLOSED,Vikas Nair
ACC00000097,CUST000065,211957028467,FD,PRD006,BR0007,BARB0801919,517207.78,INR,2012-04-09,,CLOSED,Arjun Tiwari
ACC00000098,CUST000066,491677115601,CURRENT,PRD003,BR0005,BARB0644566,1377016.72,INR,2024-10-14,,ACTIVE,Sunita Verma
ACC00000099,CUST000067,908397237863,FD,PRD006,BR0041,HDFC0634955,425144.23,INR,2024-12-17,,DORMANT,Geeta Jha
ACC00000100,CUST000068,880641417178,RD,PRD008,BR0030,BARB0554803,1224189.6,INR,2014-07-24,,DORMANT,Rekha Naik
ACC00000101,CUST000068,898275954108,FD,PRD006,BR0022,BKID0603564,513423.5,INR,2024-02-09,,DORMANT,Nikhil Bhat
ACC00000102,CUST000069,099828342625,FD,PRD007,BR0016,ICIC0990345,1159765.68,INR,2023-01-08,,ACTIVE,Madhuri Goyal
ACC00000103,CUST000069,679622515004,RD,PRD008,BR0015,UBIN0318301,181499.98,INR,2010-05-11,,ACTIVE,Sunil Pillai
ACC00000104,CUST000070,841112146991,RD,PRD008,BR0040,ICIC0278884,951382.93,INR,2010-07-31,,ACTIVE,Vishal Joshi
ACC00000105,CUST000070,130751950853,CURRENT,PRD003,BR0017,SBIN0148570,1868965.77,INR,2013-08-24,,DORMANT,Sachin Gupta
ACC00000106,CUST000071,454850257704,RD,PRD008,BR0009,CNRB0607823,1035803.82,INR,2014-01-12,,DORMANT,Pankaj Tiwari
ACC00000107,CUST000071,461620261240,SAVINGS,PRD001,BR0030,AXIS0974154,2107351.62,INR,2017-01-16,,CLOSED,Shreya Nair
ACC00000108,CUST000072,223472507296,FD,PRD007,BR0043,HDFC0694345,401267.45,INR,2019-02-15,,DORMANT,Zara Kumar
ACC00000109,CUST000073,839942735625,FD,PRD007,BR0024,PUNB0506543,154801.52,INR,2011-08-01,2013-09-26,ACTIVE,Rekha Bose
ACC00000110,CUST000073,423977154000,RD,PRD008,BR0047,HDFC0808685,1980787.68,INR,2022-04-05,,DORMANT,Madhuri Trivedi
ACC00000111,CUST000074,335339448293,FD,PRD006,BR0042,PUNB0156379,297064.1,INR,2023-06-17,,ACTIVE,Kabir Malhotra
ACC00000112,CUST000074,930658810501,FD,PRD006,BR0008,PUNB0467256,585290.12,INR,2024-03-11,,DORMANT,Arjun Rao
ACC00000113,CUST000075,990100959112,FD,PRD007,BR0039,ICIC0663005,1578654.41,INR,2025-11-29,,ACTIVE,Sunil Kulkarni
ACC00000114,CUST000076,595465095232,RD,PRD008,BR0031,BARB0526158,773779.54,INR,2014-03-19,,ACTIVE,Esha Desai
ACC00000115,CUST000077,714671752552,FD,PRD007,BR0009,PUNB0263783,934246.7,INR,2012-09-14,,ACTIVE,Madhuri Singh
ACC00000116,CUST000077,134311683223,SAVINGS,PRD002,BR0026,CNRB0807937,416244.41,INR,2015-02-08,,ACTIVE,Rekha Goyal
ACC00000117,CUST000078,302784868625,SALARY,PRD004,BR0010,AXIS0149464,708689.69,INR,2021-01-05,,CLOSED,Ravi Mishra
ACC00000118,CUST000078,773441002909,FD,PRD007,BR0003,HDFC0700910,2194680.69,INR,2025-09-20,,ACTIVE,Zara Iyer
ACC00000119,CUST000079,504913151722,FD,PRD007,BR0031,IDIB0191441,1517794.59,INR,2011-07-01,,ACTIVE,Gaurav Goyal
ACC00000120,CUST000079,464309461856,SAVINGS,PRD001,BR0033,BKID0202892,1081223.01,INR,2010-04-26,,ACTIVE,Neha Pillai
ACC00000121,CUST000080,408097406447,CURRENT,PRD003,BR0008,UBIN0585258,921786.48,INR,2024-08-28,2025-01-08,ACTIVE,Nandini Mehta
ACC00000122,CUST000080,642199772325,SALARY,PRD004,BR0003,HDFC0405259,1977632.74,INR,2020-07-13,,ACTIVE,Gaurav Jain
ACC00000123,CUST000081,510913914613,SAVINGS,PRD002,BR0029,BARB0880035,1813252.78,INR,2026-02-27,,DORMANT,Geeta Thakur
ACC00000124,CUST000081,065302479253,RD,PRD008,BR0029,BKID0951565,1294088.34,INR,2026-01-30,,ACTIVE,Suresh Patil
ACC00000125,CUST000082,107329520768,SALARY,PRD004,BR0023,CNRB0245755,2462549.49,INR,2025-05-21,,DORMANT,Akash Nair
ACC00000126,CUST000082,108014028555,FD,PRD007,BR0015,ICIC0593632,1462303.88,INR,2015-02-09,,ACTIVE,Ishaan Kulkarni
ACC00000127,CUST000083,884898821476,FD,PRD007,BR0018,ICIC0261004,2279191.55,INR,2017-12-14,,ACTIVE,Divya Jha
ACC00000128,CUST000083,951756137997,CURRENT,PRD003,BR0007,IDIB0127454,1287661.17,INR,2014-04-08,,ACTIVE,Zara Gandhi
ACC00000129,CUST000084,351264170050,NRI,PRD005,BR0044,BARB0519359,295771.41,INR,2021-02-22,,CLOSED,Manish Shah
ACC00000130,CUST000085,710725259819,SAVINGS,PRD002,BR0016,AXIS0285835,1326187.29,INR,2025-03-11,,CLOSED,Amit Verma
ACC00000131,CUST000085,982480535361,FD,PRD007,BR0015,BKID0865060,140920.69,INR,2013-07-17,,ACTIVE,Arun Kulkarni
ACC00000132,CUST000086,370050373422,FD,PRD006,BR0023,AXIS0237515,1639012.37,INR,2012-05-23,,DORMANT,Saurabh Mukherjee
ACC00000133,CUST000086,084319144596,FD,PRD007,BR0002,IDIB0520325,373649.91,INR,2012-11-06,,DORMANT,Suresh Rao
ACC00000134,CUST000087,527009138312,FD,PRD006,BR0015,BARB0505004,2229315.11,INR,2025-10-14,,DORMANT,Nikhil Hegde
ACC00000135,CUST000088,209880788344,FD,PRD006,BR0025,UBIN0367833,705374.31,INR,2013-01-26,,DORMANT,Shubham Dixit
ACC00000136,CUST000089,922580873262,SAVINGS,PRD002,BR0037,BARB0205951,553334.58,INR,2012-11-22,,DORMANT,Sunita Nair
ACC00000137,CUST000089,606896736104,FD,PRD007,BR0024,AXIS0725457,46238.42,INR,2018-10-22,,ACTIVE,Nandini Bose
ACC00000138,CUST000090,857742200221,RD,PRD008,BR0007,BARB0804552,940733.65,INR,2023-06-26,,CLOSED,Swati Nair
ACC00000139,CUST000091,398980853999,NRI,PRD005,BR0035,HDFC0168260,1413333.01,INR,2020-11-05,,ACTIVE,Tanvi Kapoor
ACC00000140,CUST000092,429005726416,FD,PRD006,BR0028,HDFC0362721,1287212.56,INR,2016-02-05,,ACTIVE,Harsha Patel
ACC00000141,CUST000093,283631649138,FD,PRD007,BR0017,BARB0157388,2284735.42,INR,2016-09-25,,ACTIVE,Vikram Pillai
ACC00000142,CUST000093,841746817845,FD,PRD007,BR0045,CNRB0484439,894313.1,INR,2011-09-16,,ACTIVE,Raj Verma
ACC00000143,CUST000093,042979196791,FD,PRD007,BR0005,BKID0419029,1206316.32,INR,2016-04-24,,DORMANT,Sanjay Bose
ACC00000144,CUST000094,066247077107,SALARY,PRD004,BR0050,CNRB0171515,1614304.73,INR,2016-07-12,,DORMANT,Varun Chaudhary
ACC00000145,CUST000095,827905571251,SAVINGS,PRD002,BR0025,BARB0504887,349199.5,INR,2012-08-09,,DORMANT,Rahul Gandhi
ACC00000146,CUST000095,552108180379,SAVINGS,PRD002,BR0016,SBIN0118426,2458975.68,INR,2015-04-03,,ACTIVE,Divya Agarwal
ACC00000147,CUST000095,404500767820,RD,PRD008,BR0002,BARB0237419,1435788.02,INR,2024-08-04,,ACTIVE,Mohan Sharma
ACC00000148,CUST000096,131288035592,CURRENT,PRD003,BR0033,BKID0971019,908971.8,INR,2022-05-06,,CLOSED,Bhavya Thakur
ACC00000149,CUST000097,410780939572,RD,PRD008,BR0040,BARB0398557,1949610.37,INR,2025-05-12,,CLOSED,Meera Chaudhary
ACC00000150,CUST000097,823744129191,SAVINGS,PRD001,BR0002,AXIS0351816,923163.26,INR,2019-02-06,,ACTIVE,Saurabh Mukherjee
ACC00000151,CUST000098,018034423691,FD,PRD006,BR0012,CNRB0282284,376517.03,INR,2015-12-30,,ACTIVE,Sunil Reddy
ACC00000152,CUST000098,669720772327,SAVINGS,PRD001,BR0021,IDIB0883281,871537.95,INR,2016-12-05,,ACTIVE,Anand Naik
ACC00000153,CUST000099,832378157173,NRI,PRD005,BR0023,SBIN0606341,1788052.23,INR,2024-11-27,,ACTIVE,Kunal Chatterjee
ACC00000154,CUST000100,021487275208,FD,PRD006,BR0034,CNRB0417471,2314316.48,INR,2013-10-18,,DORMANT,Shubham Dubey
ACC00000155,CUST000101,142177553043,FD,PRD007,BR0041,ICIC0950569,558559.18,INR,2018-01-14,,ACTIVE,Suresh Das
ACC00000156,CUST000101,007297709052,SAVINGS,PRD001,BR0016,SBIN0612461,2148125.47,INR,2018-03-28,,ACTIVE,Harsha Kulkarni
ACC00000157,CUST000102,179104355333,CURRENT,PRD003,BR0007,ICIC0709166,139616.25,INR,2016-08-09,,ACTIVE,Rahul Dixit
ACC00000158,CUST000102,906413860334,SALARY,PRD004,BR0032,BARB0847414,1665877.22,INR,2019-04-11,,ACTIVE,Ishaan Chatterjee
ACC00000159,CUST000102,574983655116,FD,PRD007,BR0030,CNRB0901452,1224516.09,INR,2015-05-08,,CLOSED,Meera Shukla
ACC00000160,CUST000103,228009879707,SAVINGS,PRD002,BR0032,ICIC0263461,2376427.64,INR,2025-05-22,,ACTIVE,Akash Kulkarni
ACC00000161,CUST000104,796062843452,FD,PRD006,BR0014,CNRB0560817,1149556.39,INR,2017-04-20,,ACTIVE,Ishita Agarwal
ACC00000162,CUST000104,113055844291,SALARY,PRD004,BR0047,AXIS0339721,2080325.41,INR,2013-09-14,,ACTIVE,Aarav Chaudhary
ACC00000163,CUST000105,470371784638,SAVINGS,PRD002,BR0002,BARB0888371,677087.21,INR,2016-06-04,,ACTIVE,Meera Kulkarni
ACC00000164,CUST000106,934745391453,SAVINGS,PRD001,BR0049,BKID0451227,468683.49,INR,2018-09-20,,ACTIVE,Deepa Naik
ACC00000165,CUST000106,554158894260,SALARY,PRD004,BR0042,CNRB0809409,683811.79,INR,2012-06-05,,ACTIVE,Mohan Gandhi
ACC00000166,CUST000107,257289834846,NRI,PRD005,BR0014,ICIC0998119,1752291.48,INR,2018-07-19,,DORMANT,Kabir Hegde
ACC00000167,CUST000107,596036837899,FD,PRD007,BR0044,BARB0243108,1610771.15,INR,2025-01-07,,ACTIVE,Yash Trivedi
ACC00000168,CUST000107,992031423650,SAVINGS,PRD001,BR0027,IDIB0879602,158687.43,INR,2016-04-23,,CLOSED,Kunal Singh
ACC00000169,CUST000108,414265003208,SAVINGS,PRD002,BR0037,BARB0544219,2078483.53,INR,2022-03-13,,ACTIVE,Kavya Mukherjee
ACC00000170,CUST000108,153474585768,RD,PRD008,BR0017,HDFC0216553,1736331.1,INR,2019-09-13,,ACTIVE,Zara Agarwal
ACC00000171,CUST000109,280908436890,SALARY,PRD004,BR0027,CNRB0219809,1788536.29,INR,2021-02-28,,CLOSED,Esha Thakur
ACC00000172,CUST000110,593503878223,CURRENT,PRD003,BR0044,CNRB0824093,1492433.38,INR,2021-08-24,,ACTIVE,Varun Naik
ACC00000173,CUST000110,802478793055,CURRENT,PRD003,BR0030,UBIN0567473,2327117.51,INR,2023-07-08,,ACTIVE,Neha Shah
ACC00000174,CUST000110,820287277627,CURRENT,PRD003,BR0012,SBIN0560122,942600.43,INR,2011-07-26,,CLOSED,Aryan Joshi
ACC00000175,CUST000111,392211189795,SAVINGS,PRD001,BR0036,PUNB0508848,1521287.46,INR,2010-02-12,,ACTIVE,Yash Ghosh
ACC00000176,CUST000111,886557834628,FD,PRD006,BR0044,BARB0690787,374788.66,INR,2011-10-14,,ACTIVE,Arun Shukla
ACC00000177,CUST000111,331179872876,SALARY,PRD004,BR0048,ICIC0468626,1646477.36,INR,2017-02-18,,ACTIVE,Zara Ghosh
ACC00000178,CUST000112,673030851426,FD,PRD007,BR0032,ICIC0372639,1850067.46,INR,2022-07-16,,DORMANT,Sara Agarwal
ACC00000179,CUST000112,970345013645,SAVINGS,PRD001,BR0024,IDIB0963880,2089146.26,INR,2010-02-26,,DORMANT,Nisha Nair
ACC00000180,CUST000113,248123057373,SAVINGS,PRD002,BR0004,CNRB0944791,1228121.92,INR,2025-08-31,,ACTIVE,Ishaan Patil
ACC00000181,CUST000114,582809765446,SAVINGS,PRD001,BR0012,BKID0771727,1985287.24,INR,2017-07-18,,DORMANT,Shubham Tiwari
ACC00000182,CUST000114,996436948559,RD,PRD008,BR0034,ICIC0874072,933918.25,INR,2012-10-18,,DORMANT,Rekha Dixit
ACC00000183,CUST000115,554857485624,FD,PRD007,BR0031,IDIB0427569,926289.57,INR,2018-11-22,,ACTIVE,Gaurav Shah
ACC00000184,CUST000116,171805556858,FD,PRD006,BR0031,UBIN0794365,2019049.87,INR,2011-06-11,,ACTIVE,Ananya Reddy
ACC00000185,CUST000117,153911945782,FD,PRD006,BR0042,ICIC0668517,41142.68,INR,2025-12-03,,CLOSED,Gaurav Rao
ACC00000186,CUST000118,852717849772,FD,PRD006,BR0003,HDFC0148248,1106898.17,INR,2010-04-19,,CLOSED,Rakesh Pandey
ACC00000187,CUST000118,543619356784,RD,PRD008,BR0048,BKID0772724,1379924.18,INR,2019-06-10,,CLOSED,Tanvi Bose
ACC00000188,CUST000119,036857988192,SALARY,PRD004,BR0040,AXIS0851016,1985110.15,INR,2026-01-11,,ACTIVE,Meera Thakur
ACC00000189,CUST000119,028423900057,CURRENT,PRD003,BR0046,BKID0358190,2099865.74,INR,2026-03-14,,ACTIVE,Rajan Patil
ACC00000190,CUST000120,673113980878,SAVINGS,PRD001,BR0015,AXIS0459344,1601712.99,INR,2016-11-07,,ACTIVE,Nikhil Chopra
ACC00000191,CUST000121,654261628406,RD,PRD008,BR0010,BKID0836887,151314.21,INR,2015-01-28,,ACTIVE,Geeta Chopra
ACC00000192,CUST000122,952998393569,FD,PRD006,BR0011,BARB0141980,2162911.77,INR,2019-05-15,,DORMANT,Lakshmi Nair
ACC00000193,CUST000122,414519984574,RD,PRD008,BR0002,PUNB0493418,1503381.69,INR,2016-11-29,,DORMANT,Rakesh Dubey
ACC00000194,CUST000123,285225202993,FD,PRD007,BR0044,BKID0803702,766676.86,INR,2011-07-08,,ACTIVE,Arun Gupta
ACC00000195,CUST000123,444916315638,NRI,PRD005,BR0040,BKID0654790,2290323.45,INR,2020-10-13,,CLOSED,Zara Nair
ACC00000196,CUST000124,152463837016,FD,PRD007,BR0040,HDFC0566025,930092.2,INR,2021-03-08,,ACTIVE,Shubham Shah
ACC00000197,CUST000124,960359846464,SAVINGS,PRD002,BR0050,UBIN0820246,1586877.84,INR,2020-10-06,2023-09-09,ACTIVE,Arun Reddy
ACC00000198,CUST000125,242512084346,CURRENT,PRD003,BR0034,ICIC0491784,1931543.21,INR,2011-11-25,,ACTIVE,Vikas Singh
ACC00000199,CUST000126,431536423090,FD,PRD006,BR0033,UBIN0424893,2196827.69,INR,2011-11-02,,ACTIVE,Vishal Chaudhary
ACC00000200,CUST000127,803775574564,FD,PRD007,BR0023,AXIS0538532,1046522.04,INR,2024-08-01,,DORMANT,Mohan Iyer
ACC00000201,CUST000128,645639812668,FD,PRD006,BR0030,BKID0558351,1452149.61,INR,2017-10-24,,DORMANT,Sara Iyer
ACC00000202,CUST000128,416525980901,SAVINGS,PRD002,BR0040,BARB0294192,2106392.0,INR,2018-02-28,,ACTIVE,Nikhil Goyal
ACC00000203,CUST000129,304569016860,FD,PRD006,BR0005,HDFC0364623,2161591.19,INR,2022-08-30,,DORMANT,Kabir Singh
ACC00000204,CUST000129,008817578098,NRI,PRD005,BR0019,IDIB0293240,19035.61,INR,2023-06-12,,DORMANT,Kabir Banerjee
ACC00000205,CUST000130,295873440575,SAVINGS,PRD001,BR0038,ICIC0420493,1864170.72,INR,2013-01-01,,ACTIVE,Nisha Ghosh
ACC00000206,CUST000130,690690993701,SAVINGS,PRD001,BR0043,PUNB0335283,2036909.42,INR,2011-08-22,,ACTIVE,Deepa Naik
ACC00000207,CUST000131,616659357202,SAVINGS,PRD001,BR0016,UBIN0182959,1737500.58,INR,2023-02-12,,ACTIVE,Meera Patil
ACC00000208,CUST000132,869983088961,FD,PRD007,BR0007,BARB0410007,1486139.63,INR,2017-08-09,2021-04-01,ACTIVE,Mohan Khan
ACC00000209,CUST000133,576587010155,FD,PRD006,BR0033,AXIS0416207,1501576.16,INR,2017-04-25,,CLOSED,Shubham Dixit
ACC00000210,CUST000133,748122849448,RD,PRD008,BR0029,BKID0399167,1019717.64,INR,2016-03-08,,ACTIVE,Saurabh Jha
ACC00000211,CUST000134,655104045389,SAVINGS,PRD002,BR0045,AXIS0810390,481413.14,INR,2019-10-12,,ACTIVE,Varun Desai
ACC00000212,CUST000135,143644214595,FD,PRD006,BR0033,BKID0354023,355697.31,INR,2018-07-30,,ACTIVE,Vinay Shah
ACC00000213,CUST000135,067720119656,SAVINGS,PRD002,BR0022,BARB0166724,956099.35,INR,2017-10-11,,DORMANT,Kabir Kapoor
ACC00000214,CUST000136,784249540193,CURRENT,PRD003,BR0036,BARB0308043,1729839.32,INR,2015-08-17,,CLOSED,Ritika Shah
ACC00000215,CUST000137,850002233296,SAVINGS,PRD001,BR0041,IDIB0220516,1604699.91,INR,2012-12-27,,ACTIVE,Nisha Jha
ACC00000216,CUST000138,668649016758,SAVINGS,PRD002,BR0014,BKID0983283,481410.29,INR,2014-04-12,,ACTIVE,Deepa Kaur
ACC00000217,CUST000139,988039965697,SALARY,PRD004,BR0003,AXIS0915602,931761.91,INR,2015-10-13,,ACTIVE,Vinay Saxena
ACC00000218,CUST000139,254713259754,NRI,PRD005,BR0038,HDFC0876458,936490.37,INR,2022-05-27,,ACTIVE,Shubham Chopra
ACC00000219,CUST000140,114820247887,SAVINGS,PRD002,BR0042,IDIB0505473,2310738.39,INR,2020-12-19,,DORMANT,Akash Malhotra
ACC00000220,CUST000140,769581494918,FD,PRD006,BR0032,PUNB0247489,2449645.53,INR,2021-12-21,,DORMANT,Aryan Gupta
ACC00000221,CUST000141,451405519652,CURRENT,PRD003,BR0024,CNRB0740295,2022920.21,INR,2020-10-19,,DORMANT,Deepak Chopra
ACC00000222,CUST000141,958022926618,FD,PRD007,BR0011,HDFC0987655,1870986.03,INR,2022-12-12,,ACTIVE,Swati Tiwari
ACC00000223,CUST000142,375376978245,SAVINGS,PRD001,BR0034,AXIS0543140,1829997.43,INR,2018-03-25,,ACTIVE,Rohit Menon
ACC00000224,CUST000142,925280946711,CURRENT,PRD003,BR0013,ICIC0737762,2161189.39,INR,2020-08-14,,ACTIVE,Harsha Khanna
ACC00000225,CUST000143,353685961201,NRI,PRD005,BR0030,IDIB0717914,2423654.12,INR,2019-06-24,,ACTIVE,Amit Chatterjee
ACC00000226,CUST000143,091352910681,RD,PRD008,BR0025,AXIS0348354,1944877.83,INR,2019-07-15,,ACTIVE,Ananya Bhat
ACC00000227,CUST000144,165446505734,SAVINGS,PRD002,BR0033,ICIC0739888,2235979.25,INR,2014-05-23,,CLOSED,Vikram Jain
ACC00000228,CUST000144,764223278787,SAVINGS,PRD001,BR0041,ICIC0379897,360942.83,INR,2011-06-01,,DORMANT,Varun Jain
ACC00000229,CUST000145,181890145970,FD,PRD007,BR0034,CNRB0842120,1359662.6,INR,2025-01-23,,CLOSED,Aarav Agarwal
ACC00000230,CUST000145,865302902706,FD,PRD007,BR0043,UBIN0622460,796155.76,INR,2014-08-23,,ACTIVE,Rajan Gandhi
ACC00000231,CUST000146,166747047159,SALARY,PRD004,BR0041,UBIN0915573,1578262.47,INR,2023-01-21,,ACTIVE,Farhan Chatterjee
ACC00000232,CUST000147,412724196985,FD,PRD007,BR0009,BKID0430370,148371.57,INR,2014-04-13,,CLOSED,Aryan Iyer
ACC00000233,CUST000147,975095851294,RD,PRD008,BR0043,BKID0395880,2115102.26,INR,2025-05-22,,ACTIVE,Chetan Kapoor
ACC00000234,CUST000148,735132333295,FD,PRD006,BR0022,IDIB0370849,870865.69,INR,2010-04-10,2015-04-24,ACTIVE,Ananya Sinha
ACC00000235,CUST000148,937751699524,SAVINGS,PRD002,BR0014,SBIN0626434,1657674.44,INR,2010-08-02,,DORMANT,Vishal Iyer
ACC00000236,CUST000149,808522152213,SALARY,PRD004,BR0024,ICIC0536942,1844154.67,INR,2020-10-14,,ACTIVE,Yash Thakur
ACC00000237,CUST000150,380981383974,RD,PRD008,BR0040,BARB0953516,271322.25,INR,2026-02-13,,DORMANT,Kunal Singh
ACC00000238,CUST000151,948136134716,FD,PRD007,BR0013,SBIN0575674,635139.84,INR,2023-01-04,,ACTIVE,Rahul Mukherjee
ACC00000239,CUST000151,841947601077,CURRENT,PRD003,BR0015,BKID0190564,1785182.48,INR,2018-04-25,,ACTIVE,Rohit Das
ACC00000240,CUST000152,072019075474,NRI,PRD005,BR0005,CNRB0384917,223374.54,INR,2019-08-16,,ACTIVE,Manish Kapoor
ACC00000241,CUST000152,202432239840,NRI,PRD005,BR0026,PUNB0309355,1507212.76,INR,2020-07-13,,DORMANT,Sanjay Menon
ACC00000242,CUST000152,386887700534,FD,PRD007,BR0005,HDFC0752790,1309465.46,INR,2016-05-31,,ACTIVE,Tanvi Shukla
ACC00000243,CUST000153,844643904744,NRI,PRD005,BR0028,HDFC0670566,196026.32,INR,2022-06-03,,ACTIVE,Tanvi Pillai
ACC00000244,CUST000154,837027130181,NRI,PRD005,BR0013,HDFC0235275,1824391.29,INR,2016-02-07,,DORMANT,Lakshmi Sharma
ACC00000245,CUST000154,303826220049,CURRENT,PRD003,BR0004,UBIN0604104,52369.77,INR,2022-09-15,,DORMANT,Pankaj Sinha
ACC00000246,CUST000155,927441921246,FD,PRD007,BR0009,HDFC0982017,308178.57,INR,2019-01-06,,ACTIVE,Bhavya Bhat
ACC00000247,CUST000156,681717778360,FD,PRD006,BR0019,BARB0739411,2192758.99,INR,2021-02-04,,CLOSED,Ananya Chopra
ACC00000248,CUST000156,619739459248,CURRENT,PRD003,BR0032,BARB0554842,2085280.12,INR,2017-09-22,,ACTIVE,Nisha Mehta
ACC00000249,CUST000156,850713841079,SAVINGS,PRD002,BR0036,PUNB0727354,450737.15,INR,2017-12-22,,DORMANT,Ritika Shah
ACC00000250,CUST000157,663225928913,FD,PRD006,BR0020,IDIB0938801,83048.36,INR,2021-01-28,,DORMANT,Sunita Naik
ACC00000251,CUST000157,183968939667,RD,PRD008,BR0005,AXIS0993711,1830445.53,INR,2025-10-18,,DORMANT,Farhan Bose
ACC00000252,CUST000158,861869919317,FD,PRD007,BR0011,AXIS0917397,1719107.62,INR,2015-05-31,,DORMANT,Madhuri Shah
ACC00000253,CUST000159,571064276257,CURRENT,PRD003,BR0032,CNRB0787762,302651.67,INR,2022-08-27,,ACTIVE,Zara Patil
ACC00000254,CUST000159,327267053035,CURRENT,PRD003,BR0005,BARB0196972,909105.2,INR,2020-12-11,,ACTIVE,Arun Srivastava
ACC00000255,CUST000159,522329316628,SALARY,PRD004,BR0036,AXIS0607662,1550375.56,INR,2022-12-14,,DORMANT,Aarav Menon
ACC00000256,CUST000160,959570109722,RD,PRD008,BR0041,UBIN0645154,1951250.32,INR,2024-11-01,,ACTIVE,Tanvi Thakur
ACC00000257,CUST000161,379940688105,SALARY,PRD004,BR0037,BARB0149645,4033.62,INR,2022-07-14,,ACTIVE,Rakesh Chaudhary
ACC00000258,CUST000162,419245222349,SAVINGS,PRD002,BR0038,CNRB0653394,611981.52,INR,2023-12-07,,ACTIVE,Sachin Dixit
ACC00000259,CUST000162,130294793477,CURRENT,PRD003,BR0025,HDFC0483791,1229700.92,INR,2021-08-25,,ACTIVE,Kiran Banerjee
ACC00000260,CUST000162,145555370779,FD,PRD007,BR0035,UBIN0603395,985115.76,INR,2015-01-23,,ACTIVE,Gaurav Chatterjee
ACC00000261,CUST000163,065450468429,NRI,PRD005,BR0041,AXIS0410080,1005275.41,INR,2011-02-22,,ACTIVE,Gaurav Jain
ACC00000262,CUST000164,378718499387,FD,PRD007,BR0048,UBIN0588213,1896958.39,INR,2012-09-17,,DORMANT,Ishaan Banerjee
ACC00000263,CUST000164,678274667535,SAVINGS,PRD001,BR0037,PUNB0795826,10014.15,INR,2020-03-06,,ACTIVE,Deepa Srivastava
ACC00000264,CUST000165,222548769524,FD,PRD006,BR0038,BKID0954764,219945.52,INR,2011-11-01,,CLOSED,Lakshmi Dutta
ACC00000265,CUST000165,944813067545,RD,PRD008,BR0004,HDFC0726217,1328352.61,INR,2015-07-12,,CLOSED,Tanvi Rao
ACC00000266,CUST000166,876564774397,CURRENT,PRD003,BR0010,BARB0709184,256814.4,INR,2013-04-10,,CLOSED,Nisha Verma
ACC00000267,CUST000166,199882623259,FD,PRD006,BR0041,BARB0601545,36150.19,INR,2017-06-03,,DORMANT,Rekha Malhotra
ACC00000268,CUST000166,291702737742,SAVINGS,PRD002,BR0004,IDIB0456407,1558207.59,INR,2015-05-28,,ACTIVE,Kunal Agarwal
ACC00000269,CUST000167,201159112682,RD,PRD008,BR0032,CNRB0476352,1545477.96,INR,2022-06-19,,ACTIVE,Rekha Rao
ACC00000270,CUST000168,259699973736,FD,PRD006,BR0005,BARB0767036,57072.7,INR,2025-06-11,,DORMANT,Deepak Rao
ACC00000271,CUST000168,465672937061,FD,PRD006,BR0044,PUNB0151689,435044.5,INR,2018-01-13,,DORMANT,Shubham Kapoor
ACC00000272,CUST000168,413138630257,SAVINGS,PRD001,BR0021,AXIS0570841,2407274.63,INR,2024-07-02,,DORMANT,Divya Ghosh
ACC00000273,CUST000169,309185510754,RD,PRD008,BR0042,BKID0398748,943517.12,INR,2019-04-05,,CLOSED,Simran Khanna
ACC00000274,CUST000170,071145175267,NRI,PRD005,BR0009,ICIC0160975,2370404.48,INR,2024-08-19,,CLOSED,Kunal Bose
ACC00000275,CUST000170,037763343870,FD,PRD006,BR0003,BKID0643274,194041.13,INR,2021-04-01,,ACTIVE,Deepa Verma
ACC00000276,CUST000170,444205876172,RD,PRD008,BR0033,AXIS0578423,154236.97,INR,2010-09-10,,ACTIVE,Rajan Kaur
ACC00000277,CUST000171,647698973115,FD,PRD007,BR0014,UBIN0391252,1066347.41,INR,2016-06-25,,ACTIVE,Sneha Mishra
ACC00000278,CUST000172,252680436970,SALARY,PRD004,BR0012,BKID0884914,1202638.51,INR,2013-07-03,,ACTIVE,Swati Nair
ACC00000279,CUST000173,202817845193,NRI,PRD005,BR0032,SBIN0727541,643286.41,INR,2022-07-04,,CLOSED,Mohan Nair
ACC00000280,CUST000173,169770154202,SAVINGS,PRD001,BR0013,IDIB0804543,2372093.48,INR,2015-12-07,,ACTIVE,Amit Khanna
ACC00000281,CUST000174,309755802169,FD,PRD006,BR0048,UBIN0747277,1387197.2,INR,2025-01-18,,ACTIVE,Deepak Trivedi
ACC00000282,CUST000175,408105036833,SAVINGS,PRD002,BR0026,ICIC0151882,718346.94,INR,2022-05-27,,ACTIVE,Nisha Jain
ACC00000283,CUST000175,021060662401,NRI,PRD005,BR0005,SBIN0428752,1204174.23,INR,2024-01-22,,CLOSED,Ishita Mukherjee
ACC00000284,CUST000176,599976939311,SAVINGS,PRD001,BR0041,BARB0456652,1264070.2,INR,2024-05-18,,ACTIVE,Deepak Gupta
ACC00000285,CUST000177,098328082589,CURRENT,PRD003,BR0007,BARB0493699,878449.1,INR,2021-09-07,,DORMANT,Priya Ghosh
ACC00000286,CUST000178,730170134949,NRI,PRD005,BR0047,BKID0615362,950259.58,INR,2023-09-07,,ACTIVE,Priya Dubey
ACC00000287,CUST000179,428281031581,SAVINGS,PRD002,BR0024,BARB0869994,1588996.39,INR,2019-08-06,,CLOSED,Shreya Bhat
ACC00000288,CUST000180,796663370876,FD,PRD007,BR0041,SBIN0322820,1244981.01,INR,2019-07-05,,CLOSED,Ananya Mishra
ACC00000289,CUST000180,828399186310,SAVINGS,PRD002,BR0036,ICIC0992338,951743.78,INR,2019-03-23,,DORMANT,Manish Verma
ACC00000290,CUST000181,870236327864,NRI,PRD005,BR0028,CNRB0802978,1773252.8,INR,2021-11-07,,ACTIVE,Rohit Dubey
ACC00000291,CUST000181,935805522961,NRI,PRD005,BR0019,ICIC0239820,177782.71,INR,2012-05-08,2021-04-06,DORMANT,Kabir Trivedi
ACC00000292,CUST000182,265574735427,NRI,PRD005,BR0016,IDIB0338699,2495003.11,INR,2022-11-15,2023-03-22,ACTIVE,Chetan Naik
ACC00000293,CUST000182,729610912145,SAVINGS,PRD001,BR0013,IDIB0398184,2006240.06,INR,2024-01-03,,CLOSED,Arjun Gupta
ACC00000294,CUST000183,899120779717,RD,PRD008,BR0044,PUNB0567859,543654.9,INR,2012-09-12,,DORMANT,Rohit Sinha
ACC00000295,CUST000183,305566365600,SAVINGS,PRD001,BR0048,BKID0976103,2047224.5,INR,2012-01-05,,ACTIVE,Uday Desai
ACC00000296,CUST000183,457637108818,FD,PRD006,BR0023,IDIB0289039,1724896.81,INR,2010-08-28,,ACTIVE,Ritika Bose
ACC00000297,CUST000184,387943091572,NRI,PRD005,BR0048,HDFC0853439,1604700.49,INR,2010-08-18,,DORMANT,Harsha Chaudhary
ACC00000298,CUST000184,587584493039,SALARY,PRD004,BR0041,IDIB0643386,839111.46,INR,2018-05-24,,ACTIVE,Saurabh Trivedi
ACC00000299,CUST000185,082672255899,RD,PRD008,BR0033,HDFC0582378,1545759.28,INR,2024-07-11,,ACTIVE,Pankaj Goyal
ACC00000300,CUST000186,227047539753,FD,PRD007,BR0020,IDIB0295779,2057338.78,INR,2011-06-15,,DORMANT,Tanvi Pandey
ACC00000301,CUST000186,345003667814,FD,PRD007,BR0001,ICIC0176738,961111.45,INR,2010-08-04,,ACTIVE,Rahul Shukla
ACC00000302,CUST000187,863406351699,SAVINGS,PRD002,BR0034,AXIS0812659,830938.51,INR,2022-09-27,,ACTIVE,Gaurav Patel
ACC00000303,CUST000187,032925093950,FD,PRD007,BR0016,BKID0394946,536578.5,INR,2025-07-28,,ACTIVE,Farhan Thakur
ACC00000304,CUST000187,157280438297,SAVINGS,PRD001,BR0042,ICIC0312538,1724018.5,INR,2021-10-11,,ACTIVE,Anand Das
ACC00000305,CUST000188,415007945257,RD,PRD008,BR0046,SBIN0332916,1232804.38,INR,2010-11-20,,CLOSED,Vinay Kumar
ACC00000306,CUST000188,627450744674,CURRENT,PRD003,BR0030,PUNB0862261,2405331.53,INR,2019-09-15,,CLOSED,Raj Verma
ACC00000307,CUST000189,608589052116,CURRENT,PRD003,BR0046,BKID0187870,65330.54,INR,2018-11-18,,ACTIVE,Raj Iyer
ACC00000308,CUST000189,012543721621,RD,PRD008,BR0007,HDFC0902588,1858779.64,INR,2022-09-13,,ACTIVE,Pallavi Hegde
ACC00000309,CUST000190,188153006991,NRI,PRD005,BR0030,HDFC0416290,1028330.6,INR,2020-01-04,,ACTIVE,Priya Ghosh
ACC00000310,CUST000191,034780016709,RD,PRD008,BR0041,PUNB0712785,129431.0,INR,2022-10-15,,DORMANT,Zara Chaudhary
ACC00000311,CUST000191,510434022284,CURRENT,PRD003,BR0050,HDFC0469576,2110900.3,INR,2011-10-20,,CLOSED,Mohit Chaudhary
ACC00000312,CUST000192,513317928527,FD,PRD007,BR0046,IDIB0732721,2070795.58,INR,2015-01-24,2024-03-31,ACTIVE,Arjun Trivedi
ACC00000313,CUST000193,891732357155,NRI,PRD005,BR0003,BARB0451308,504918.42,INR,2014-11-24,2022-06-17,ACTIVE,Esha Jain
ACC00000314,CUST000193,755499606731,SALARY,PRD004,BR0034,IDIB0447084,1290124.03,INR,2015-09-24,,DORMANT,Pankaj Singh
ACC00000315,CUST000194,007240361240,SAVINGS,PRD001,BR0026,ICIC0368129,2253483.78,INR,2015-12-15,,ACTIVE,Rekha Gandhi
ACC00000316,CUST000194,200025775318,SAVINGS,PRD001,BR0039,AXIS0460196,2330770.9,INR,2024-08-12,,DORMANT,Aditya Sinha
ACC00000317,CUST000194,995126275788,SAVINGS,PRD001,BR0045,HDFC0891662,3797.96,INR,2024-02-09,,ACTIVE,Swati Mukherjee
ACC00000318,CUST000195,043288665664,FD,PRD007,BR0004,BKID0282033,58135.13,INR,2025-07-15,,ACTIVE,Sachin Shukla
ACC00000319,CUST000196,404952652513,SALARY,PRD004,BR0039,HDFC0151156,789509.87,INR,2015-02-26,,CLOSED,Raj Agarwal
ACC00000320,CUST000196,698189506297,SALARY,PRD004,BR0027,IDIB0576566,402672.33,INR,2013-08-05,,DORMANT,Shubham Mehta
ACC00000321,CUST000197,795035982298,NRI,PRD005,BR0040,PUNB0341372,2374609.61,INR,2017-05-19,,CLOSED,Priya Khanna
ACC00000322,CUST000198,781766953197,FD,PRD006,BR0013,ICIC0708390,1839581.44,INR,2016-12-03,,DORMANT,Rajan Gandhi
ACC00000323,CUST000198,757858454815,SALARY,PRD004,BR0028,IDIB0109075,1537066.64,INR,2014-08-23,,ACTIVE,Ananya Sharma
ACC00000324,CUST000199,039997132519,CURRENT,PRD003,BR0005,PUNB0593379,373664.83,INR,2021-02-11,,ACTIVE,Shubham Dubey
ACC00000325,CUST000200,649385557028,SALARY,PRD004,BR0005,HDFC0366690,514071.45,INR,2012-09-15,,ACTIVE,Akash Kumar
ACC00000326,CUST000200,938438643445,FD,PRD006,BR0026,ICIC0164078,328502.18,INR,2010-11-28,,CLOSED,Rajan Tiwari
ACC00000327,CUST000201,999664853131,RD,PRD008,BR0018,HDFC0645455,861914.45,INR,2010-01-24,,ACTIVE,Deepak Yadav
ACC00000328,CUST000202,545250264462,FD,PRD007,BR0017,SBIN0414965,675083.15,INR,2014-12-21,,ACTIVE,Vinay Sharma
ACC00000329,CUST000202,999307064720,RD,PRD008,BR0028,SBIN0382486,2164065.56,INR,2023-08-23,,ACTIVE,Vinay Pandey
ACC00000330,CUST000203,305141389102,FD,PRD007,BR0048,AXIS0113610,1199933.31,INR,2025-02-19,,ACTIVE,Tanvi Pillai
ACC00000331,CUST000203,901923533811,CURRENT,PRD003,BR0015,BARB0899154,447308.73,INR,2025-12-04,2026-02-10,ACTIVE,Kunal Naik
ACC00000332,CUST000204,404653168668,FD,PRD006,BR0001,SBIN0346324,2437799.9,INR,2015-04-01,,ACTIVE,Pooja Mukherjee
ACC00000333,CUST000205,032449686006,SAVINGS,PRD002,BR0031,SBIN0109073,1150034.52,INR,2011-08-27,,ACTIVE,Uday Bhat
ACC00000334,CUST000206,055354702425,RD,PRD008,BR0041,CNRB0598320,1430109.41,INR,2014-03-01,2020-07-01,ACTIVE,Chetan Reddy
ACC00000335,CUST000207,585958992001,SALARY,PRD004,BR0015,UBIN0699288,1584423.82,INR,2022-02-26,,ACTIVE,Mohan Goyal
ACC00000336,CUST000208,328969298457,SALARY,PRD004,BR0045,UBIN0456257,2421353.51,INR,2010-01-26,,ACTIVE,Farhan Srivastava
ACC00000337,CUST000208,164769231516,NRI,PRD005,BR0024,HDFC0913143,1901303.5,INR,2012-09-09,,ACTIVE,Farhan Nair
ACC00000338,CUST000209,118330715406,CURRENT,PRD003,BR0027,CNRB0488201,139022.21,INR,2012-04-25,,ACTIVE,Vikas Bose
ACC00000339,CUST000210,690507497958,FD,PRD007,BR0006,IDIB0986302,948686.39,INR,2012-02-13,,CLOSED,Sneha Bose
ACC00000340,CUST000210,958506981136,CURRENT,PRD003,BR0038,HDFC0967248,1796805.32,INR,2016-08-11,,ACTIVE,Nikhil Das
ACC00000341,CUST000211,898004096372,RD,PRD008,BR0016,ICIC0691151,2485211.69,INR,2020-08-11,,ACTIVE,Anjali Tiwari
ACC00000342,CUST000212,880729379874,FD,PRD006,BR0019,SBIN0769061,1167969.35,INR,2015-03-26,,ACTIVE,Zara Patel
ACC00000343,CUST000212,282518591675,FD,PRD006,BR0011,CNRB0729286,1513988.63,INR,2013-10-14,,CLOSED,Farhan Mehta
ACC00000344,CUST000213,699051177632,FD,PRD006,BR0010,AXIS0327751,2033214.52,INR,2020-02-01,,ACTIVE,Arjun Nair
ACC00000345,CUST000213,289269357971,RD,PRD008,BR0032,PUNB0722243,77675.51,INR,2010-05-23,,ACTIVE,Vikram Thakur
ACC00000346,CUST000214,487139553600,NRI,PRD005,BR0032,ICIC0287024,672107.47,INR,2010-10-21,,ACTIVE,Kavya Sinha
ACC00000347,CUST000214,428753074138,SAVINGS,PRD002,BR0018,AXIS0597947,1258950.08,INR,2012-02-02,,ACTIVE,Vikas Patel
ACC00000348,CUST000215,504625741801,FD,PRD006,BR0004,UBIN0622785,1863752.43,INR,2012-08-21,,DORMANT,Ananya Agarwal
ACC00000349,CUST000216,147798137174,SAVINGS,PRD001,BR0022,HDFC0952898,2179425.52,INR,2022-05-09,,CLOSED,Raj Kapoor
ACC00000350,CUST000216,419341347943,SAVINGS,PRD001,BR0037,UBIN0352074,1118436.55,INR,2011-01-30,,DORMANT,Sara Reddy
ACC00000351,CUST000217,013223712539,FD,PRD007,BR0023,BARB0321043,1412754.41,INR,2017-07-06,,DORMANT,Zara Mishra
ACC00000352,CUST000218,635765851205,SAVINGS,PRD001,BR0049,BARB0845298,787649.96,INR,2013-03-01,,ACTIVE,Pallavi Yadav
ACC00000353,CUST000218,667654080646,RD,PRD008,BR0041,BARB0917199,2329791.04,INR,2017-03-08,2019-06-13,CLOSED,Harsha Sinha
ACC00000354,CUST000219,669263017370,SAVINGS,PRD002,BR0026,HDFC0596272,1096050.75,INR,2013-01-27,,ACTIVE,Anand Banerjee
ACC00000355,CUST000219,479977570648,FD,PRD006,BR0007,CNRB0798291,2099625.11,INR,2010-08-15,,CLOSED,Ritika Mehta
ACC00000356,CUST000220,182951461794,SAVINGS,PRD001,BR0008,AXIS0465461,989209.2,INR,2013-07-13,,DORMANT,Mohit Nair
ACC00000357,CUST000221,838489649083,CURRENT,PRD003,BR0019,CNRB0933557,2347274.93,INR,2020-03-09,,ACTIVE,Sanjay Nair
ACC00000358,CUST000222,432292589452,SAVINGS,PRD001,BR0037,CNRB0965456,2039905.27,INR,2021-04-28,,ACTIVE,Kabir Das
ACC00000359,CUST000222,029317842413,CURRENT,PRD003,BR0040,AXIS0990154,235065.45,INR,2022-11-06,,DORMANT,Deepa Verma
ACC00000360,CUST000222,500978749403,SALARY,PRD004,BR0036,CNRB0759090,1947802.09,INR,2024-06-11,,ACTIVE,Uday Patel
ACC00000361,CUST000223,281644310095,RD,PRD008,BR0021,IDIB0918581,2320547.1,INR,2017-07-16,,DORMANT,Varun Gupta
ACC00000362,CUST000223,879852719733,FD,PRD007,BR0003,UBIN0454669,484950.79,INR,2019-08-11,,CLOSED,Vikas Thakur
ACC00000363,CUST000223,026504983541,FD,PRD007,BR0037,UBIN0648139,1944272.35,INR,2017-09-11,,CLOSED,Nisha Iyer
ACC00000364,CUST000224,304553105566,SALARY,PRD004,BR0001,IDIB0605932,1724589.64,INR,2026-03-31,,ACTIVE,Raj Singh
ACC00000365,CUST000225,094131623493,SALARY,PRD004,BR0036,HDFC0822983,2239593.89,INR,2017-08-14,,ACTIVE,Shreya Chopra
ACC00000366,CUST000225,472341915369,RD,PRD008,BR0025,ICIC0153122,990972.33,INR,2024-04-04,,ACTIVE,Divya Sharma
ACC00000367,CUST000226,115041544795,SALARY,PRD004,BR0016,CNRB0582122,1130684.11,INR,2018-03-28,,DORMANT,Sanjay Saxena
ACC00000368,CUST000227,800742962752,CURRENT,PRD003,BR0012,IDIB0343778,460079.32,INR,2015-12-08,,ACTIVE,Swati Mehta
ACC00000369,CUST000227,403879321469,FD,PRD006,BR0034,SBIN0653212,200594.41,INR,2010-01-29,,ACTIVE,Raj Dixit
ACC00000370,CUST000228,804269855904,SAVINGS,PRD002,BR0017,CNRB0550303,1593599.84,INR,2020-07-31,,ACTIVE,Esha Dubey
ACC00000371,CUST000229,630461542769,SAVINGS,PRD001,BR0049,CNRB0447622,1660216.28,INR,2018-06-28,,ACTIVE,Aarav Dixit
ACC00000372,CUST000230,990903486367,RD,PRD008,BR0029,ICIC0674430,300678.83,INR,2018-07-22,,ACTIVE,Sanjay Mehta
ACC00000373,CUST000231,850532957990,SAVINGS,PRD001,BR0043,ICIC0761798,2222024.84,INR,2012-01-14,,ACTIVE,Zara Saxena
ACC00000374,CUST000232,744515892051,SALARY,PRD004,BR0006,ICIC0629623,1146870.7,INR,2024-12-17,,ACTIVE,Sneha Pandey
ACC00000375,CUST000233,135202397971,SAVINGS,PRD001,BR0022,BKID0541612,1015181.63,INR,2010-12-02,,ACTIVE,Bhavya Ghosh
ACC00000376,CUST000233,869478154223,SALARY,PRD004,BR0007,ICIC0627611,1856504.42,INR,2013-12-31,,ACTIVE,Rajan Joshi
ACC00000377,CUST000234,547772618914,SALARY,PRD004,BR0008,HDFC0410039,2191736.35,INR,2026-02-08,,ACTIVE,Uday Bhat
ACC00000378,CUST000234,792286441881,NRI,PRD005,BR0040,SBIN0251896,275176.39,INR,2010-10-20,,DORMANT,Suresh Das
ACC00000379,CUST000235,374120218937,SAVINGS,PRD001,BR0027,IDIB0373054,2271157.64,INR,2018-12-08,,ACTIVE,Deepa Kapoor
ACC00000380,CUST000235,356266239656,RD,PRD008,BR0021,BKID0663127,1731704.2,INR,2020-11-13,,ACTIVE,Deepa Pandey
ACC00000381,CUST000236,464849388318,RD,PRD008,BR0005,CNRB0569431,1698225.28,INR,2016-06-01,,CLOSED,Chetan Bose
ACC00000382,CUST000236,635308348320,NRI,PRD005,BR0029,CNRB0510951,2080608.22,INR,2013-10-28,,ACTIVE,Ananya Kapoor
ACC00000383,CUST000237,237646631931,SAVINGS,PRD001,BR0011,UBIN0720365,1955475.32,INR,2010-05-19,,ACTIVE,Pankaj Menon
ACC00000384,CUST000237,404398922192,FD,PRD007,BR0021,IDIB0214370,831353.78,INR,2019-10-28,,DORMANT,Bhavya Bose
ACC00000385,CUST000238,341487876881,FD,PRD007,BR0030,UBIN0489414,1431744.58,INR,2017-12-20,,ACTIVE,Esha Patil
ACC00000386,CUST000239,278816805259,NRI,PRD005,BR0034,UBIN0892421,1029212.07,INR,2024-10-03,,ACTIVE,Esha Sinha
ACC00000387,CUST000239,389695342179,NRI,PRD005,BR0040,CNRB0858654,111804.91,INR,2013-09-17,,ACTIVE,Shreya Shukla
ACC00000388,CUST000239,603722731690,NRI,PRD005,BR0047,UBIN0282442,2350903.05,INR,2018-10-10,,ACTIVE,Varun Saxena
ACC00000389,CUST000240,775529984333,FD,PRD006,BR0004,SBIN0944415,1277672.92,INR,2016-02-11,,CLOSED,Mohit Khanna
ACC00000390,CUST000241,447740784334,SAVINGS,PRD001,BR0004,ICIC0109881,888166.03,INR,2010-12-19,,ACTIVE,Vishal Banerjee
ACC00000391,CUST000242,672997034256,FD,PRD007,BR0013,UBIN0741824,757277.49,INR,2021-10-08,,ACTIVE,Shubham Yadav
ACC00000392,CUST000242,404584236061,SAVINGS,PRD002,BR0010,SBIN0118877,1709289.03,INR,2011-12-26,,DORMANT,Rekha Pillai
ACC00000393,CUST000243,564817640553,RD,PRD008,BR0040,CNRB0909151,1292367.68,INR,2010-04-13,,ACTIVE,Aryan Khan
ACC00000394,CUST000243,320627486768,FD,PRD006,BR0005,PUNB0778889,1774585.15,INR,2016-09-19,2019-01-18,ACTIVE,Neha Khan
ACC00000395,CUST000243,400545801396,SAVINGS,PRD001,BR0012,CNRB0499716,695539.88,INR,2025-11-14,,ACTIVE,Tanvi Trivedi
ACC00000396,CUST000244,872993122789,NRI,PRD005,BR0047,CNRB0666999,895774.53,INR,2019-03-17,,DORMANT,Neha Sinha
ACC00000397,CUST000244,122583805415,FD,PRD006,BR0040,HDFC0258066,1300959.36,INR,2019-12-02,,CLOSED,Nandini Reddy
ACC00000398,CUST000244,029063339339,NRI,PRD005,BR0046,IDIB0671531,545046.3,INR,2011-07-27,,ACTIVE,Swati Hegde
ACC00000399,CUST000245,887563019399,FD,PRD006,BR0026,AXIS0114027,2084210.03,INR,2026-03-18,,ACTIVE,Madhuri Verma
ACC00000400,CUST000245,528818902733,SAVINGS,PRD002,BR0037,BARB0570583,1121988.08,INR,2024-09-14,,ACTIVE,Ravi Kumar
ACC00000401,CUST000246,389241867942,CURRENT,PRD003,BR0005,ICIC0913041,851649.67,INR,2025-06-03,,DORMANT,Anand Kulkarni
ACC00000402,CUST000246,840935609382,RD,PRD008,BR0029,BARB0413521,855766.28,INR,2011-09-12,,CLOSED,Rajan Chaudhary
ACC00000403,CUST000247,697010968824,CURRENT,PRD003,BR0011,ICIC0891633,2417968.13,INR,2012-10-11,,ACTIVE,Nisha Yadav
ACC00000404,CUST000248,394116546163,RD,PRD008,BR0049,ICIC0811489,2091276.0,INR,2020-11-09,,DORMANT,Madhuri Malhotra
ACC00000405,CUST000249,743526935343,CURRENT,PRD003,BR0033,HDFC0865261,1920146.26,INR,2017-02-20,,ACTIVE,Aryan Yadav
ACC00000406,CUST000250,640275899446,SAVINGS,PRD001,BR0038,CNRB0965672,1745173.05,INR,2017-04-03,,ACTIVE,Deepak Malhotra
ACC00000407,CUST000250,834455620813,NRI,PRD005,BR0045,SBIN0387700,2152802.95,INR,2023-09-30,,CLOSED,Uday Singh
ACC00000408,CUST000250,747087776231,SAVINGS,PRD002,BR0046,BARB0858585,1372903.69,INR,2023-07-22,,ACTIVE,Kunal Yadav
ACC00000409,CUST000251,831508534373,RD,PRD008,BR0019,UBIN0639972,1939756.04,INR,2017-08-25,,DORMANT,Zara Saxena
ACC00000410,CUST000251,044811859837,FD,PRD006,BR0022,PUNB0279985,1682211.95,INR,2025-02-22,,ACTIVE,Swati Kaur
ACC00000411,CUST000252,563788787317,RD,PRD008,BR0014,SBIN0801647,981106.92,INR,2015-08-31,,CLOSED,Gaurav Desai
ACC00000412,CUST000253,476939281237,CURRENT,PRD003,BR0010,BKID0230431,1295472.31,INR,2017-09-26,,ACTIVE,Swati Khan
ACC00000413,CUST000253,427914092522,SAVINGS,PRD002,BR0003,BKID0267256,955784.21,INR,2024-02-09,,ACTIVE,Aarav Singh
ACC00000414,CUST000254,785158519509,SAVINGS,PRD001,BR0048,UBIN0650577,752201.35,INR,2014-02-18,,ACTIVE,Uday Shukla
ACC00000415,CUST000255,487815973648,SAVINGS,PRD002,BR0016,PUNB0578612,738539.97,INR,2023-07-28,,CLOSED,Aditya Menon
ACC00000416,CUST000255,687253984174,SAVINGS,PRD002,BR0021,UBIN0830757,2380033.35,INR,2024-04-19,,ACTIVE,Sara Naik
ACC00000417,CUST000256,748316566844,SAVINGS,PRD002,BR0034,HDFC0464588,1451480.58,INR,2016-02-20,,ACTIVE,Rakesh Dixit
ACC00000418,CUST000256,188347819326,FD,PRD007,BR0033,ICIC0373463,1576531.66,INR,2020-07-22,,DORMANT,Lakshmi Patil
ACC00000419,CUST000257,725616517772,RD,PRD008,BR0022,AXIS0989430,792565.73,INR,2023-02-19,,ACTIVE,Amit Patel
ACC00000420,CUST000258,990288336041,SAVINGS,PRD002,BR0033,PUNB0180703,1430274.11,INR,2019-02-24,,ACTIVE,Kabir Hegde
ACC00000421,CUST000258,004794444174,FD,PRD007,BR0027,AXIS0863749,762873.66,INR,2012-02-04,,ACTIVE,Harsha Chaudhary
ACC00000422,CUST000258,301317592310,FD,PRD007,BR0029,HDFC0387063,29365.73,INR,2025-08-30,,ACTIVE,Sanjay Kapoor
ACC00000423,CUST000259,539902079875,CURRENT,PRD003,BR0044,PUNB0661676,1703980.15,INR,2012-04-08,,ACTIVE,Aryan Sharma
ACC00000424,CUST000259,926927339113,SAVINGS,PRD001,BR0046,IDIB0517043,1899050.64,INR,2012-01-10,2025-08-14,ACTIVE,Sara Desai
ACC00000425,CUST000260,270589358066,SALARY,PRD004,BR0016,AXIS0342437,2205257.74,INR,2022-07-20,,ACTIVE,Saurabh Joshi
ACC00000426,CUST000260,638318181170,SAVINGS,PRD001,BR0023,IDIB0506019,353074.24,INR,2024-07-03,,DORMANT,Vishal Srivastava
ACC00000427,CUST000261,051989018052,FD,PRD006,BR0002,CNRB0713113,916510.76,INR,2023-05-12,,DORMANT,Chetan Saxena
ACC00000428,CUST000261,070923179397,SALARY,PRD004,BR0017,BKID0193963,212857.45,INR,2026-02-03,,ACTIVE,Rekha Yadav
ACC00000429,CUST000262,203527485415,FD,PRD006,BR0037,ICIC0558906,2099609.41,INR,2018-04-18,,DORMANT,Madhuri Kulkarni
ACC00000430,CUST000262,710085710017,FD,PRD006,BR0018,BKID0448531,1303184.21,INR,2012-05-31,,DORMANT,Zara Trivedi
ACC00000431,CUST000262,517199708694,NRI,PRD005,BR0031,BARB0588632,1237170.23,INR,2022-07-20,,ACTIVE,Vinay Kaur
ACC00000432,CUST000263,529815184306,SAVINGS,PRD001,BR0003,AXIS0939196,243759.59,INR,2022-06-07,,ACTIVE,Rekha Rao
ACC00000433,CUST000263,539082983689,SAVINGS,PRD002,BR0049,BARB0133762,455482.06,INR,2015-11-18,,CLOSED,Vikram Kumar
ACC00000434,CUST000264,659446193352,FD,PRD006,BR0041,UBIN0529630,1577679.58,INR,2015-08-09,,CLOSED,Arjun Menon
ACC00000435,CUST000264,416721855475,CURRENT,PRD003,BR0027,HDFC0643703,1269202.78,INR,2019-11-29,2026-03-20,ACTIVE,Rohit Hegde
ACC00000436,CUST000265,160029185962,SAVINGS,PRD001,BR0018,CNRB0946944,2460250.94,INR,2020-08-12,,ACTIVE,Nisha Sinha
ACC00000437,CUST000266,344859315234,FD,PRD006,BR0023,CNRB0259162,967287.55,INR,2012-07-21,,DORMANT,Arun Dutta
ACC00000438,CUST000267,226167055093,NRI,PRD005,BR0018,SBIN0357360,1793436.24,INR,2012-09-23,,ACTIVE,Arun Chaudhary
ACC00000439,CUST000267,852576317548,SAVINGS,PRD002,BR0015,BKID0437173,2258799.13,INR,2018-08-17,,ACTIVE,Deepak Ghosh
ACC00000440,CUST000268,875190590082,SAVINGS,PRD002,BR0038,CNRB0595041,1960659.16,INR,2012-02-03,,CLOSED,Rekha Patel
ACC00000441,CUST000269,817631759969,SAVINGS,PRD002,BR0027,SBIN0289319,355599.71,INR,2011-10-16,2017-07-03,ACTIVE,Amit Kaur
ACC00000442,CUST000269,289416513350,SAVINGS,PRD002,BR0044,PUNB0887219,1909186.54,INR,2014-06-30,,ACTIVE,Vinay Bhat
ACC00000443,CUST000270,596291307358,SAVINGS,PRD001,BR0024,UBIN0352362,313067.63,INR,2020-03-30,,ACTIVE,Sunil Pandey
ACC00000444,CUST000270,565900456631,SALARY,PRD004,BR0049,IDIB0722149,804795.13,INR,2026-02-15,,DORMANT,Arjun Thakur
ACC00000445,CUST000271,972200251162,SAVINGS,PRD001,BR0031,HDFC0866992,1927969.28,INR,2018-08-24,,CLOSED,Yash Nair
ACC00000446,CUST000272,091976595659,FD,PRD007,BR0041,BKID0951376,871451.0,INR,2023-01-10,,ACTIVE,Geeta Patil
ACC00000447,CUST000273,556675197361,SAVINGS,PRD001,BR0045,BKID0877123,1735730.84,INR,2016-10-27,,ACTIVE,Raj Banerjee
ACC00000448,CUST000273,892731747841,RD,PRD008,BR0050,HDFC0496756,74279.53,INR,2010-02-20,,CLOSED,Madhuri Shukla
ACC00000449,CUST000274,691761509095,SAVINGS,PRD001,BR0008,BARB0367359,1107554.99,INR,2021-03-19,,DORMANT,Vikram Pandey
ACC00000450,CUST000275,765003535283,CURRENT,PRD003,BR0042,HDFC0887089,1841413.69,INR,2021-02-24,,CLOSED,Vikas Patil
ACC00000451,CUST000275,355726888218,FD,PRD006,BR0042,ICIC0761665,534557.09,INR,2021-07-14,,CLOSED,Rahul Das
ACC00000452,CUST000275,035734012260,NRI,PRD005,BR0025,BKID0651138,1522666.4,INR,2022-09-09,,ACTIVE,Sunil Kapoor
ACC00000453,CUST000276,466338335127,FD,PRD006,BR0049,ICIC0954337,805692.27,INR,2023-02-24,,ACTIVE,Aryan Malhotra
ACC00000454,CUST000276,664101540271,FD,PRD006,BR0009,CNRB0241393,659204.53,INR,2017-12-12,,CLOSED,Sara Patil
ACC00000455,CUST000277,194803865684,NRI,PRD005,BR0011,IDIB0202896,1812957.05,INR,2025-01-15,,DORMANT,Neha Chopra
ACC00000456,CUST000277,272556114295,NRI,PRD005,BR0049,PUNB0129957,467968.42,INR,2010-01-04,,DORMANT,Nandini Malhotra
ACC00000457,CUST000278,577785677377,SAVINGS,PRD002,BR0031,SBIN0601814,1790146.47,INR,2011-02-26,,ACTIVE,Arjun Thakur
ACC00000458,CUST000278,730732365989,NRI,PRD005,BR0037,PUNB0927909,769819.0,INR,2023-06-04,,ACTIVE,Bhavya Thakur
ACC00000459,CUST000278,568402445318,SAVINGS,PRD002,BR0030,AXIS0474734,1202216.56,INR,2020-05-18,,ACTIVE,Uday Menon
ACC00000460,CUST000279,111910594176,RD,PRD008,BR0048,BARB0336306,1394818.0,INR,2012-05-07,,ACTIVE,Suresh Kaur
ACC00000461,CUST000279,729811504436,SALARY,PRD004,BR0014,ICIC0666620,2495442.79,INR,2021-08-01,,ACTIVE,Suresh Hegde
ACC00000462,CUST000280,308768147176,CURRENT,PRD003,BR0018,HDFC0316714,2149787.68,INR,2010-08-19,,ACTIVE,Pooja Menon
ACC00000463,CUST000280,216093736303,FD,PRD007,BR0047,BKID0908543,2325632.28,INR,2014-02-20,,ACTIVE,Sneha Kaur
ACC00000464,CUST000281,775755067562,SAVINGS,PRD001,BR0043,SBIN0874349,1086020.89,INR,2019-08-14,,ACTIVE,Madhuri Dutta
ACC00000465,CUST000281,887418456859,SAVINGS,PRD001,BR0012,BKID0371384,697286.1,INR,2022-10-01,,DORMANT,Kabir Singh
ACC00000466,CUST000281,716865605765,SALARY,PRD004,BR0021,BKID0499907,1239396.32,INR,2021-08-25,,ACTIVE,Raj Das
ACC00000467,CUST000282,724743053956,CURRENT,PRD003,BR0029,PUNB0123818,254717.7,INR,2010-02-13,,ACTIVE,Kabir Verma
ACC00000468,CUST000283,798889289666,SALARY,PRD004,BR0014,CNRB0697115,1685471.09,INR,2011-01-24,,ACTIVE,Aarav Gupta
ACC00000469,CUST000283,338064090091,RD,PRD008,BR0046,BARB0565276,2077901.48,INR,2025-05-03,2026-04-11,ACTIVE,Shubham Menon
ACC00000470,CUST000284,444512389688,NRI,PRD005,BR0008,PUNB0928835,1644684.68,INR,2011-02-17,,DORMANT,Vikram Menon
ACC00000471,CUST000285,324143339304,FD,PRD007,BR0048,IDIB0888739,1487732.99,INR,2016-07-10,,ACTIVE,Madhuri Saxena
ACC00000472,CUST000285,417174030756,SAVINGS,PRD002,BR0036,ICIC0265722,1338893.07,INR,2011-07-28,2012-02-19,CLOSED,Simran Gandhi
ACC00000473,CUST000285,165259687737,NRI,PRD005,BR0044,PUNB0440559,94840.59,INR,2017-04-29,,ACTIVE,Rahul Jha
ACC00000474,CUST000286,886843161340,SALARY,PRD004,BR0024,PUNB0181565,1098126.59,INR,2020-11-27,,ACTIVE,Geeta Chopra
ACC00000475,CUST000287,601476031249,SAVINGS,PRD001,BR0011,ICIC0880797,2139728.73,INR,2019-12-09,2020-10-14,ACTIVE,Ravi Pandey
ACC00000476,CUST000287,739350526965,SAVINGS,PRD001,BR0017,ICIC0495909,2304871.31,INR,2011-02-21,,CLOSED,Kiran Saxena
ACC00000477,CUST000287,637875880578,SALARY,PRD004,BR0028,HDFC0293560,1598558.19,INR,2024-05-26,,ACTIVE,Kavya Desai
ACC00000478,CUST000288,922893378515,SALARY,PRD004,BR0012,PUNB0233713,1980077.49,INR,2018-06-27,,ACTIVE,Mohit Chopra
ACC00000479,CUST000288,402821492552,FD,PRD007,BR0026,BARB0649279,1391377.54,INR,2020-10-21,,ACTIVE,Shubham Chopra
ACC00000480,CUST000289,142893219407,FD,PRD006,BR0022,IDIB0311396,614733.69,INR,2018-08-12,,ACTIVE,Amit Sinha
ACC00000481,CUST000290,047765311972,SAVINGS,PRD001,BR0031,ICIC0950001,1268090.57,INR,2016-12-05,,ACTIVE,Mohit Pandey
ACC00000482,CUST000291,375874956574,SAVINGS,PRD002,BR0029,IDIB0647913,640645.13,INR,2017-04-06,,CLOSED,Vinay Banerjee
ACC00000483,CUST000291,910370188283,SALARY,PRD004,BR0013,CNRB0452096,1190754.35,INR,2019-03-02,,DORMANT,Neha Goyal
ACC00000484,CUST000292,321340359336,FD,PRD006,BR0040,BKID0936702,2494136.0,INR,2010-09-10,,CLOSED,Sara Bose
ACC00000485,CUST000292,350435754291,FD,PRD006,BR0002,UBIN0986627,528471.49,INR,2016-07-10,,ACTIVE,Ravi Das
ACC00000486,CUST000293,707877801501,SALARY,PRD004,BR0049,BARB0930094,708871.18,INR,2013-02-23,,CLOSED,Esha Verma
ACC00000487,CUST000294,153721073005,NRI,PRD005,BR0026,HDFC0747116,782061.31,INR,2010-11-08,,ACTIVE,Manish Nair
ACC00000488,CUST000294,558407316664,NRI,PRD005,BR0045,ICIC0237669,1276276.07,INR,2013-11-07,,ACTIVE,Pooja Thakur
ACC00000489,CUST000295,902191672472,RD,PRD008,BR0023,BARB0443739,2492913.48,INR,2019-10-27,,DORMANT,Uday Joshi
ACC00000490,CUST000295,978851422194,CURRENT,PRD003,BR0003,AXIS0658451,869207.1,INR,2015-09-09,,ACTIVE,Arun Goyal
ACC00000491,CUST000296,488479508074,CURRENT,PRD003,BR0042,HDFC0477122,948735.1,INR,2017-05-14,,ACTIVE,Kunal Saxena
ACC00000492,CUST000296,012835324597,SAVINGS,PRD001,BR0036,BARB0806320,515415.31,INR,2023-08-08,,ACTIVE,Uday Iyer
ACC00000493,CUST000297,300338389076,FD,PRD007,BR0029,IDIB0573222,973100.14,INR,2024-12-14,,CLOSED,Saurabh Ghosh
ACC00000494,CUST000298,886190412663,SAVINGS,PRD001,BR0027,UBIN0274677,1133026.89,INR,2016-02-05,,ACTIVE,Kabir Tiwari
ACC00000495,CUST000299,622491033855,SAVINGS,PRD001,BR0016,BARB0255496,1439507.35,INR,2013-03-30,,ACTIVE,Vikram Mukherjee
ACC00000496,CUST000300,486392807158,NRI,PRD005,BR0012,HDFC0430399,1691349.14,INR,2026-03-02,,ACTIVE,Simran Kumar
ACC00000497,CUST000301,351892518964,NRI,PRD005,BR0024,BKID0474687,1132820.29,INR,2019-10-18,,ACTIVE,Farhan Malhotra
ACC00000498,CUST000301,822973707892,RD,PRD008,BR0017,BARB0658087,1752543.9,INR,2011-03-31,,ACTIVE,Shubham Singh
ACC00000499,CUST000301,457483040195,NRI,PRD005,BR0003,HDFC0273821,518989.51,INR,2011-10-14,,ACTIVE,Sneha Naik
ACC00000500,CUST000302,023519864622,CURRENT,PRD003,BR0046,ICIC0411351,201491.73,INR,2010-08-16,,DORMANT,Arun Pandey
ACC00000501,CUST000303,338616162338,SAVINGS,PRD001,BR0002,IDIB0207480,2217913.96,INR,2014-11-15,,ACTIVE,Pallavi Naik
ACC00000502,CUST000304,162756684167,SAVINGS,PRD001,BR0038,HDFC0516000,1075835.01,INR,2017-01-07,,ACTIVE,Uday Shah
ACC00000503,CUST000304,286283862671,RD,PRD008,BR0043,BARB0424257,372105.66,INR,2015-09-15,,DORMANT,Nisha Kaur
ACC00000504,CUST000304,380370232829,FD,PRD006,BR0014,HDFC0369702,1642606.74,INR,2017-04-24,,DORMANT,Zara Bose
ACC00000505,CUST000305,554384880356,NRI,PRD005,BR0015,CNRB0134154,1738382.45,INR,2024-09-24,,ACTIVE,Aarav Jha
ACC00000506,CUST000306,170611552146,FD,PRD006,BR0014,PUNB0639751,151621.29,INR,2021-11-28,,ACTIVE,Saurabh Nair
ACC00000507,CUST000306,767174691630,RD,PRD008,BR0008,CNRB0486255,2349487.78,INR,2024-02-23,,ACTIVE,Arun Kumar
ACC00000508,CUST000307,937495071908,SALARY,PRD004,BR0038,HDFC0818324,276937.78,INR,2018-10-20,,DORMANT,Rahul Srivastava
ACC00000509,CUST000308,086421804694,NRI,PRD005,BR0019,ICIC0493482,46732.47,INR,2015-09-14,,CLOSED,Nikhil Mukherjee
ACC00000510,CUST000308,927919431064,FD,PRD007,BR0034,BARB0603355,655291.82,INR,2017-03-07,,CLOSED,Tanvi Verma
ACC00000511,CUST000309,822787913246,SAVINGS,PRD002,BR0017,PUNB0468614,283806.18,INR,2019-03-06,,ACTIVE,Shubham Naik
ACC00000512,CUST000309,327923827554,NRI,PRD005,BR0033,HDFC0677181,1614860.68,INR,2023-05-09,,ACTIVE,Harsha Dutta
ACC00000513,CUST000310,898998211973,RD,PRD008,BR0038,BARB0639436,677719.72,INR,2017-11-16,,DORMANT,Kabir Sinha
ACC00000514,CUST000310,195891720365,SALARY,PRD004,BR0026,IDIB0375126,2381521.1,INR,2021-09-20,,CLOSED,Geeta Iyer
ACC00000515,CUST000311,617934497218,SAVINGS,PRD002,BR0003,AXIS0211565,1295941.52,INR,2020-06-17,,CLOSED,Kunal Malhotra
ACC00000516,CUST000312,847987831883,RD,PRD008,BR0021,BKID0158932,594055.3,INR,2021-02-28,,ACTIVE,Gaurav Dixit
ACC00000517,CUST000312,156216723485,FD,PRD006,BR0040,BARB0347361,532464.74,INR,2022-08-17,,ACTIVE,Raj Thakur
ACC00000518,CUST000313,720874046326,FD,PRD006,BR0046,BARB0291139,2042600.97,INR,2011-06-05,,CLOSED,Arjun Desai
ACC00000519,CUST000313,638807356764,SAVINGS,PRD002,BR0026,BARB0795901,1956962.2,INR,2018-11-12,,DORMANT,Rajan Kaur
ACC00000520,CUST000313,568584056653,SAVINGS,PRD001,BR0044,PUNB0528923,276471.53,INR,2012-08-13,,ACTIVE,Vikas Pandey
ACC00000521,CUST000314,112473757596,SAVINGS,PRD001,BR0041,UBIN0465917,1720631.87,INR,2013-09-25,,ACTIVE,Pooja Khan
ACC00000522,CUST000314,511107600444,NRI,PRD005,BR0036,IDIB0960358,1016417.07,INR,2023-10-15,,DORMANT,Rohit Iyer
ACC00000523,CUST000315,156499682188,RD,PRD008,BR0043,BARB0361128,555011.29,INR,2018-09-17,,DORMANT,Saurabh Banerjee
ACC00000524,CUST000316,224517585648,FD,PRD007,BR0049,BKID0256333,1745349.31,INR,2016-06-30,,ACTIVE,Mohan Joshi
ACC00000525,CUST000316,224022852804,RD,PRD008,BR0039,ICIC0253485,919080.3,INR,2015-08-24,,CLOSED,Manish Nair
ACC00000526,CUST000316,514410582386,SALARY,PRD004,BR0045,SBIN0851181,1959216.86,INR,2020-02-19,,ACTIVE,Ravi Banerjee
ACC00000527,CUST000317,206026826076,CURRENT,PRD003,BR0044,UBIN0952424,2000688.43,INR,2022-04-10,,ACTIVE,Aarav Sharma
ACC00000528,CUST000318,225493936835,FD,PRD007,BR0048,UBIN0534389,1138829.71,INR,2014-08-10,,DORMANT,Nisha Jain
ACC00000529,CUST000318,808925950181,RD,PRD008,BR0016,IDIB0986239,2136545.43,INR,2024-05-29,,ACTIVE,Nisha Chatterjee
ACC00000530,CUST000319,174106296027,CURRENT,PRD003,BR0037,CNRB0526482,1314219.38,INR,2023-03-03,,CLOSED,Kabir Menon
ACC00000531,CUST000320,400293588522,SAVINGS,PRD002,BR0013,BARB0347229,851398.37,INR,2018-08-02,,ACTIVE,Chetan Dixit
ACC00000532,CUST000321,277186081239,FD,PRD006,BR0046,BKID0838024,1764147.38,INR,2026-04-02,,ACTIVE,Ananya Bose
ACC00000533,CUST000321,138337046230,SALARY,PRD004,BR0003,UBIN0380042,125098.76,INR,2022-12-17,,ACTIVE,Chetan Reddy
ACC00000534,CUST000321,183128815765,RD,PRD008,BR0001,BKID0665124,1019941.07,INR,2025-09-09,,ACTIVE,Amit Chopra
ACC00000535,CUST000322,128938597304,SAVINGS,PRD001,BR0011,IDIB0132550,1803265.86,INR,2019-10-03,,CLOSED,Aryan Trivedi
ACC00000536,CUST000323,774715672970,CURRENT,PRD003,BR0025,CNRB0857695,1381340.55,INR,2013-11-12,,ACTIVE,Ishita Saxena
ACC00000537,CUST000323,311427311705,RD,PRD008,BR0022,SBIN0912523,2039518.57,INR,2022-06-15,,ACTIVE,Shubham Desai
ACC00000538,CUST000324,180561298297,CURRENT,PRD003,BR0040,AXIS0779968,935750.7,INR,2013-11-12,,CLOSED,Arun Tiwari
ACC00000539,CUST000324,962743053086,FD,PRD007,BR0002,BARB0103948,2395444.29,INR,2017-07-24,,ACTIVE,Esha Dixit
ACC00000540,CUST000325,650692648007,SAVINGS,PRD002,BR0040,AXIS0876518,763689.51,INR,2016-12-03,,ACTIVE,Neha Thakur
ACC00000541,CUST000325,904630259836,SAVINGS,PRD002,BR0026,BKID0849470,365883.91,INR,2025-10-23,,CLOSED,Nandini Dubey
ACC00000542,CUST000326,849973563817,SALARY,PRD004,BR0050,HDFC0385712,2145168.71,INR,2023-08-04,,ACTIVE,Zara Nair
ACC00000543,CUST000326,962645918918,FD,PRD007,BR0017,BKID0394169,304968.03,INR,2020-09-03,,DORMANT,Sunita Thakur
ACC00000544,CUST000327,820154273815,SALARY,PRD004,BR0017,AXIS0808872,854082.24,INR,2024-08-21,,ACTIVE,Rekha Kapoor
ACC00000545,CUST000328,894944435574,SAVINGS,PRD001,BR0023,IDIB0819016,396418.41,INR,2018-04-06,,ACTIVE,Ishaan Rao
ACC00000546,CUST000328,756122501794,FD,PRD007,BR0017,BKID0105173,2212542.76,INR,2024-05-09,,ACTIVE,Nikhil Patel
ACC00000547,CUST000329,931070089480,RD,PRD008,BR0042,CNRB0805730,806221.43,INR,2013-08-09,,DORMANT,Sachin Shah
ACC00000548,CUST000329,647365203017,RD,PRD008,BR0001,ICIC0543606,793539.81,INR,2019-02-02,,CLOSED,Kiran Goyal
ACC00000549,CUST000330,274725895332,FD,PRD006,BR0005,PUNB0281837,548956.38,INR,2020-12-21,,ACTIVE,Ishaan Bose
ACC00000550,CUST000330,820466832038,CURRENT,PRD003,BR0018,HDFC0524248,1430464.87,INR,2025-12-02,,CLOSED,Amit Khan
ACC00000551,CUST000330,618697910797,FD,PRD007,BR0044,AXIS0238431,1124897.29,INR,2024-11-04,,ACTIVE,Amit Bose
ACC00000552,CUST000331,249560401861,FD,PRD006,BR0029,BARB0265077,654751.72,INR,2024-06-03,,ACTIVE,Pooja Sharma
ACC00000553,CUST000331,711380945446,SAVINGS,PRD001,BR0014,AXIS0553987,93453.7,INR,2024-02-26,,ACTIVE,Nikhil Tiwari
ACC00000554,CUST000332,726823753588,RD,PRD008,BR0046,BKID0177177,992508.4,INR,2025-08-30,,ACTIVE,Bhavya Goyal
ACC00000555,CUST000333,312515210569,FD,PRD007,BR0014,IDIB0577676,1687396.7,INR,2011-02-06,,CLOSED,Geeta Chaudhary
ACC00000556,CUST000333,768005377275,CURRENT,PRD003,BR0040,PUNB0965182,1665397.03,INR,2019-09-12,,DORMANT,Arun Rao
ACC00000557,CUST000333,192781990900,FD,PRD006,BR0002,BARB0767769,1101359.91,INR,2023-02-13,,ACTIVE,Sara Khanna
ACC00000558,CUST000334,148106970482,FD,PRD006,BR0048,CNRB0322970,1546475.58,INR,2021-05-06,,DORMANT,Anand Verma
ACC00000559,CUST000334,996235246340,CURRENT,PRD003,BR0028,BKID0790427,417329.11,INR,2012-03-12,,ACTIVE,Aarav Patel
ACC00000560,CUST000335,699629465830,SALARY,PRD004,BR0042,BARB0754813,1056491.79,INR,2014-09-20,,DORMANT,Deepa Bhat
ACC00000561,CUST000336,435184305235,RD,PRD008,BR0048,IDIB0617050,1229017.31,INR,2024-01-12,,DORMANT,Manish Naik
ACC00000562,CUST000337,184926010644,CURRENT,PRD003,BR0029,BKID0531339,2263491.74,INR,2026-04-04,,ACTIVE,Saurabh Naik
ACC00000563,CUST000337,123767233900,CURRENT,PRD003,BR0009,CNRB0161867,1218328.36,INR,2011-10-26,,ACTIVE,Sunita Jain
ACC00000564,CUST000337,950835431360,RD,PRD008,BR0038,BARB0831981,1704664.4,INR,2010-03-17,2024-07-30,ACTIVE,Zara Hegde
ACC00000565,CUST000338,235653455984,RD,PRD008,BR0010,AXIS0270483,809188.02,INR,2011-05-01,,DORMANT,Ritika Kaur
ACC00000566,CUST000339,600647535232,FD,PRD007,BR0039,SBIN0412718,498442.58,INR,2014-06-17,2022-09-06,DORMANT,Shreya Joshi
ACC00000567,CUST000340,101646657605,FD,PRD006,BR0039,AXIS0357063,1512438.56,INR,2021-06-25,,DORMANT,Arjun Trivedi
ACC00000568,CUST000341,987105115968,SALARY,PRD004,BR0018,BARB0843642,1601398.15,INR,2023-12-14,,DORMANT,Harsha Gupta
ACC00000569,CUST000341,177596207202,SAVINGS,PRD002,BR0049,BARB0883805,2300272.11,INR,2011-02-12,2017-07-26,ACTIVE,Farhan Banerjee
ACC00000570,CUST000341,350826790241,FD,PRD007,BR0013,CNRB0744606,253603.2,INR,2025-08-31,,ACTIVE,Anjali Mishra
ACC00000571,CUST000342,600473397336,NRI,PRD005,BR0049,UBIN0390046,267361.36,INR,2020-05-19,,CLOSED,Manish Bhat
ACC00000572,CUST000342,809330348105,FD,PRD007,BR0045,IDIB0526088,415669.85,INR,2011-06-22,2021-11-30,ACTIVE,Meera Chaudhary
ACC00000573,CUST000343,887176434872,SALARY,PRD004,BR0040,UBIN0641103,215556.41,INR,2020-07-07,,ACTIVE,Sneha Pandey
ACC00000574,CUST000344,287062124027,CURRENT,PRD003,BR0023,CNRB0474063,219623.07,INR,2022-01-14,,CLOSED,Rajan Naik
ACC00000575,CUST000344,203327015475,SAVINGS,PRD001,BR0038,HDFC0139137,1053280.44,INR,2022-12-25,,ACTIVE,Ananya Joshi
ACC00000576,CUST000345,317967235361,SAVINGS,PRD002,BR0029,PUNB0850510,2037611.41,INR,2023-09-28,,ACTIVE,Anand Reddy
ACC00000577,CUST000345,434470180136,FD,PRD007,BR0028,IDIB0912736,1813330.34,INR,2013-03-11,,ACTIVE,Ritika Naik
ACC00000578,CUST000345,117074786864,SALARY,PRD004,BR0033,IDIB0752815,720797.58,INR,2017-02-02,,ACTIVE,Priya Sinha
ACC00000579,CUST000346,089705999277,NRI,PRD005,BR0017,BARB0547803,1791797.38,INR,2013-11-19,,CLOSED,Deepak Bhat
ACC00000580,CUST000346,567503968346,NRI,PRD005,BR0029,CNRB0689272,1406791.24,INR,2025-08-24,,ACTIVE,Sachin Jha
ACC00000581,CUST000347,035867517680,RD,PRD008,BR0001,CNRB0704356,370963.45,INR,2013-04-21,,ACTIVE,Chetan Khanna
ACC00000582,CUST000348,061736524615,FD,PRD007,BR0019,CNRB0249873,1737226.83,INR,2025-06-10,,ACTIVE,Ritika Joshi
ACC00000583,CUST000348,184642383908,SALARY,PRD004,BR0001,CNRB0883213,893413.05,INR,2011-09-07,,CLOSED,Rajan Hegde
ACC00000584,CUST000348,828115360937,SAVINGS,PRD001,BR0032,PUNB0526091,1232938.28,INR,2020-07-05,,ACTIVE,Uday Naik
ACC00000585,CUST000349,364690227804,SAVINGS,PRD001,BR0001,SBIN0745526,1675141.47,INR,2020-12-10,,ACTIVE,Aryan Shah
ACC00000586,CUST000349,935179601712,FD,PRD006,BR0001,IDIB0488384,2041404.31,INR,2021-11-13,,ACTIVE,Simran Jha
ACC00000587,CUST000350,867187489529,SALARY,PRD004,BR0049,AXIS0995121,556853.33,INR,2021-05-08,,ACTIVE,Lakshmi Naik
ACC00000588,CUST000350,981012433647,NRI,PRD005,BR0026,PUNB0247086,1550912.43,INR,2021-11-14,,CLOSED,Ishita Sinha
ACC00000589,CUST000351,778457347287,CURRENT,PRD003,BR0036,ICIC0986888,1584107.2,INR,2014-07-27,,ACTIVE,Sneha Dixit
ACC00000590,CUST000352,735892482038,NRI,PRD005,BR0002,UBIN0358544,2115891.96,INR,2024-12-31,,ACTIVE,Vinay Khan
ACC00000591,CUST000352,482796387235,RD,PRD008,BR0021,BKID0791182,575326.98,INR,2013-12-13,,DORMANT,Divya Saxena
ACC00000592,CUST000353,760035725362,SAVINGS,PRD002,BR0026,HDFC0434599,2049763.48,INR,2015-01-16,,ACTIVE,Gaurav Chatterjee
ACC00000593,CUST000354,204989356176,FD,PRD007,BR0016,SBIN0153039,1903555.12,INR,2016-10-27,,CLOSED,Vikram Sharma
ACC00000594,CUST000355,433498069299,FD,PRD007,BR0026,SBIN0973437,2265281.8,INR,2023-12-22,,DORMANT,Raj Agarwal
ACC00000595,CUST000355,311866896814,SALARY,PRD004,BR0013,SBIN0755214,2235344.69,INR,2023-10-04,,DORMANT,Simran Shah
ACC00000596,CUST000356,465256036334,SAVINGS,PRD001,BR0004,IDIB0530190,1944632.65,INR,2024-04-24,,ACTIVE,Sachin Kapoor
ACC00000597,CUST000357,505520145590,NRI,PRD005,BR0030,BKID0439410,1305218.61,INR,2015-11-06,,ACTIVE,Arjun Patil
ACC00000598,CUST000357,376180375924,RD,PRD008,BR0038,ICIC0479316,1215569.97,INR,2011-07-12,,ACTIVE,Divya Jain
ACC00000599,CUST000358,269933948918,FD,PRD007,BR0017,BARB0472717,2093728.42,INR,2018-05-14,2020-05-18,ACTIVE,Anand Dutta
ACC00000600,CUST000358,412418833254,SALARY,PRD004,BR0011,SBIN0674319,316834.94,INR,2022-02-13,,DORMANT,Farhan Bose
ACC00000601,CUST000359,388221066322,RD,PRD008,BR0030,SBIN0435075,2319837.94,INR,2014-09-04,,CLOSED,Aditya Dixit
ACC00000602,CUST000359,214634299148,SAVINGS,PRD001,BR0041,UBIN0783644,974140.1,INR,2024-09-16,,ACTIVE,Ishaan Joshi
ACC00000603,CUST000360,082135219389,SALARY,PRD004,BR0048,BKID0263107,279316.25,INR,2021-11-15,,CLOSED,Anand Sharma
ACC00000604,CUST000361,384139295271,CURRENT,PRD003,BR0049,BARB0838859,726869.87,INR,2011-12-29,,ACTIVE,Farhan Shah
ACC00000605,CUST000361,327300011384,CURRENT,PRD003,BR0001,BKID0592029,1122863.75,INR,2018-10-10,,CLOSED,Sneha Tiwari
ACC00000606,CUST000362,715787929753,SAVINGS,PRD002,BR0007,BKID0939360,245797.88,INR,2016-08-07,,DORMANT,Shreya Shukla
ACC00000607,CUST000363,116664207874,RD,PRD008,BR0032,AXIS0500636,542090.14,INR,2024-01-09,2025-08-12,DORMANT,Kabir Dixit
ACC00000608,CUST000364,230513427239,SAVINGS,PRD001,BR0020,BARB0947650,767115.38,INR,2020-09-21,,ACTIVE,Harsha Kumar
ACC00000609,CUST000365,366590508254,SALARY,PRD004,BR0031,HDFC0820325,7244.77,INR,2017-03-01,,ACTIVE,Ritika Banerjee
ACC00000610,CUST000365,286442170160,FD,PRD007,BR0028,AXIS0608871,2369828.12,INR,2021-08-15,,ACTIVE,Akash Dutta
ACC00000611,CUST000366,005756324140,SALARY,PRD004,BR0021,UBIN0139777,1106748.52,INR,2025-10-13,,DORMANT,Ishita Banerjee
ACC00000612,CUST000367,140630933181,FD,PRD007,BR0036,BARB0324338,1017001.8,INR,2015-04-25,,DORMANT,Nikhil Mishra
ACC00000613,CUST000367,676548436920,SAVINGS,PRD002,BR0029,SBIN0706776,2490963.8,INR,2024-12-13,,DORMANT,Chetan Shah
ACC00000614,CUST000368,879132932535,NRI,PRD005,BR0021,BKID0463916,230229.86,INR,2016-05-23,,DORMANT,Anand Shah
ACC00000615,CUST000368,000788978593,FD,PRD007,BR0043,BKID0224082,2355032.66,INR,2015-12-08,,ACTIVE,Sachin Kapoor
ACC00000616,CUST000369,488503734759,FD,PRD006,BR0002,PUNB0411228,1120440.93,INR,2011-10-03,,ACTIVE,Ishaan Bose
ACC00000617,CUST000369,698378188570,FD,PRD006,BR0049,HDFC0245917,213469.46,INR,2022-09-28,,ACTIVE,Meera Trivedi
ACC00000618,CUST000370,628794803807,CURRENT,PRD003,BR0038,BKID0408395,1225377.62,INR,2010-12-04,,CLOSED,Pankaj Patil
ACC00000619,CUST000370,746613695807,NRI,PRD005,BR0046,IDIB0341432,178856.42,INR,2021-09-03,,ACTIVE,Shubham Singh
ACC00000620,CUST000371,024902520670,SALARY,PRD004,BR0032,SBIN0116249,1200881.61,INR,2019-02-03,,ACTIVE,Sachin Srivastava
ACC00000621,CUST000371,869443103323,RD,PRD008,BR0008,IDIB0870450,1466406.54,INR,2020-09-18,,ACTIVE,Nandini Dubey
ACC00000622,CUST000371,778039722169,CURRENT,PRD003,BR0011,SBIN0704485,834268.87,INR,2019-02-12,,DORMANT,Akash Dixit
ACC00000623,CUST000372,778937025343,RD,PRD008,BR0019,ICIC0274532,2078220.93,INR,2022-07-04,,CLOSED,Suresh Patel
ACC00000624,CUST000373,705183216227,SAVINGS,PRD002,BR0010,UBIN0376639,894858.21,INR,2019-11-16,,ACTIVE,Divya Dubey
ACC00000625,CUST000373,341283824811,SAVINGS,PRD002,BR0034,BKID0648729,20105.83,INR,2021-09-06,,ACTIVE,Saurabh Desai
ACC00000626,CUST000374,059910701728,SAVINGS,PRD002,BR0048,CNRB0728101,1300766.6,INR,2016-07-01,,CLOSED,Suresh Singh
ACC00000627,CUST000374,344384617815,NRI,PRD005,BR0006,PUNB0105739,19522.78,INR,2026-02-12,,CLOSED,Kiran Khanna
ACC00000628,CUST000375,322943821803,FD,PRD007,BR0016,ICIC0391058,1863774.71,INR,2012-10-17,,ACTIVE,Shreya Patil
ACC00000629,CUST000376,818492266685,FD,PRD007,BR0004,IDIB0869856,848332.79,INR,2021-05-10,,ACTIVE,Sneha Malhotra
ACC00000630,CUST000376,820600635666,SAVINGS,PRD002,BR0034,ICIC0155111,717015.75,INR,2025-03-11,,ACTIVE,Ritika Mukherjee
ACC00000631,CUST000377,957530445666,SALARY,PRD004,BR0044,CNRB0762329,543352.27,INR,2025-01-15,,ACTIVE,Deepa Nair
ACC00000632,CUST000378,955796361749,FD,PRD007,BR0007,HDFC0536441,1846561.08,INR,2025-09-05,,ACTIVE,Swati Pandey
ACC00000633,CUST000378,226420059458,SAVINGS,PRD001,BR0028,AXIS0832536,1667498.37,INR,2013-10-04,,ACTIVE,Rajan Gandhi
ACC00000634,CUST000379,908001642416,SAVINGS,PRD002,BR0033,AXIS0189480,1166968.96,INR,2020-07-09,,CLOSED,Aarav Mehta
ACC00000635,CUST000380,650469001301,RD,PRD008,BR0035,PUNB0886777,70116.24,INR,2026-03-26,,ACTIVE,Shubham Chatterjee
ACC00000636,CUST000380,365108564852,SALARY,PRD004,BR0037,BARB0187009,284947.22,INR,2013-07-02,,ACTIVE,Lakshmi Iyer
ACC00000637,CUST000381,126544839166,NRI,PRD005,BR0002,BKID0490614,1397027.12,INR,2011-11-26,,CLOSED,Geeta Banerjee
ACC00000638,CUST000381,620641364126,FD,PRD006,BR0013,HDFC0832950,2124147.3,INR,2017-01-31,,CLOSED,Varun Patil
ACC00000639,CUST000382,794944915854,SAVINGS,PRD002,BR0049,BKID0817846,1592815.02,INR,2018-07-18,,ACTIVE,Kavya Trivedi
ACC00000640,CUST000382,139259818668,FD,PRD006,BR0048,ICIC0257316,2082375.63,INR,2020-09-29,,CLOSED,Divya Rao
ACC00000641,CUST000383,382815658536,FD,PRD007,BR0003,CNRB0837080,1596648.8,INR,2010-08-18,,DORMANT,Nandini Yadav
ACC00000642,CUST000384,209349813059,CURRENT,PRD003,BR0018,BKID0311511,1042015.93,INR,2013-02-25,,ACTIVE,Priya Mehta
ACC00000643,CUST000384,170117874088,SAVINGS,PRD001,BR0044,SBIN0470269,1332471.25,INR,2015-04-29,,CLOSED,Rekha Patil
ACC00000644,CUST000385,036098912252,FD,PRD007,BR0034,PUNB0263453,1886004.21,INR,2012-12-22,,ACTIVE,Sunita Dubey
ACC00000645,CUST000385,304552315437,CURRENT,PRD003,BR0002,UBIN0542921,483417.88,INR,2018-10-27,,ACTIVE,Ishita Verma
ACC00000646,CUST000385,936014765489,CURRENT,PRD003,BR0005,SBIN0331796,1337971.86,INR,2021-03-17,,ACTIVE,Neha Kaur
ACC00000647,CUST000386,286788710092,SAVINGS,PRD001,BR0023,BARB0687593,346277.95,INR,2025-12-15,,CLOSED,Arjun Srivastava
ACC00000648,CUST000386,411400923441,NRI,PRD005,BR0024,BKID0268811,567891.19,INR,2014-12-12,,CLOSED,Arjun Kulkarni
ACC00000649,CUST000387,769206300442,NRI,PRD005,BR0020,PUNB0897806,148334.73,INR,2017-03-26,,CLOSED,Divya Chaudhary
ACC00000650,CUST000387,403355224330,FD,PRD007,BR0021,IDIB0423394,1971607.69,INR,2024-11-20,,CLOSED,Nikhil Naik
ACC00000651,CUST000388,720677310662,FD,PRD007,BR0046,UBIN0362626,1483752.6,INR,2012-07-31,,CLOSED,Aditya Banerjee
ACC00000652,CUST000389,252453344775,SALARY,PRD004,BR0027,BKID0159286,605875.83,INR,2016-10-04,,CLOSED,Raj Naik
ACC00000653,CUST000389,552575005542,SAVINGS,PRD001,BR0016,IDIB0818558,28567.74,INR,2018-01-22,,ACTIVE,Ishaan Desai
ACC00000654,CUST000390,335950758290,SAVINGS,PRD001,BR0016,PUNB0592496,10147.11,INR,2024-06-28,,ACTIVE,Manish Desai
ACC00000655,CUST000390,375633189429,SAVINGS,PRD002,BR0049,AXIS0841597,1663983.83,INR,2016-10-06,,ACTIVE,Rohit Gandhi
ACC00000656,CUST000391,213416163902,NRI,PRD005,BR0015,ICIC0887188,1481699.29,INR,2012-09-19,,ACTIVE,Deepa Das
ACC00000657,CUST000392,042891535379,SALARY,PRD004,BR0036,BARB0823972,631893.46,INR,2012-04-17,,CLOSED,Chetan Mishra
ACC00000658,CUST000392,123939319500,SALARY,PRD004,BR0032,HDFC0766419,1351551.44,INR,2017-08-08,,CLOSED,Ritika Jain
ACC00000659,CUST000393,232315898257,RD,PRD008,BR0029,BKID0898537,1477607.58,INR,2011-04-18,,ACTIVE,Vikram Patil
ACC00000660,CUST000393,775548995265,NRI,PRD005,BR0043,HDFC0657489,507036.29,INR,2021-10-31,,ACTIVE,Nandini Jain
ACC00000661,CUST000394,039860636287,FD,PRD007,BR0050,PUNB0371005,996996.78,INR,2015-01-27,,ACTIVE,Ananya Patil
ACC00000662,CUST000395,941515959734,SAVINGS,PRD001,BR0005,BKID0538111,9744.82,INR,2025-10-05,2026-02-24,ACTIVE,Aditya Dubey
ACC00000663,CUST000396,494792788666,FD,PRD006,BR0006,BARB0364076,464713.19,INR,2020-08-01,,ACTIVE,Tanvi Saxena
ACC00000664,CUST000397,759019798576,SAVINGS,PRD001,BR0010,SBIN0113332,1227739.3,INR,2018-05-19,,ACTIVE,Aditya Khanna
ACC00000665,CUST000397,965735385442,CURRENT,PRD003,BR0003,BKID0201582,1474535.41,INR,2019-11-28,,ACTIVE,Sara Naik
ACC00000666,CUST000398,556321289809,FD,PRD006,BR0008,ICIC0221379,1409770.84,INR,2019-10-22,,DORMANT,Aarav Patil
ACC00000667,CUST000398,993795707888,SALARY,PRD004,BR0027,ICIC0674131,211841.45,INR,2020-11-19,,ACTIVE,Swati Mishra
ACC00000668,CUST000399,850939073987,SALARY,PRD004,BR0044,BKID0748383,1889748.22,INR,2017-04-09,,DORMANT,Ishaan Shukla
ACC00000669,CUST000399,162714173128,RD,PRD008,BR0049,IDIB0554409,2390147.67,INR,2024-03-19,,ACTIVE,Shubham Verma
ACC00000670,CUST000399,718492620156,FD,PRD007,BR0047,AXIS0669361,2052339.33,INR,2023-01-05,,CLOSED,Aarav Pandey
ACC00000671,CUST000400,583198674882,RD,PRD008,BR0036,IDIB0490590,1907706.24,INR,2023-05-17,,ACTIVE,Swati Agarwal
ACC00000672,CUST000400,928039888535,FD,PRD006,BR0040,AXIS0884514,1619847.55,INR,2023-01-10,,ACTIVE,Lakshmi Das
ACC00000673,CUST000401,947814918113,NRI,PRD005,BR0017,CNRB0576799,2211784.76,INR,2010-12-21,,ACTIVE,Sunil Rao
ACC00000674,CUST000401,830775869473,SAVINGS,PRD001,BR0035,CNRB0299142,2290741.25,INR,2015-02-16,,DORMANT,Sunita Kapoor
ACC00000675,CUST000402,785092758982,FD,PRD006,BR0006,BKID0834519,270721.77,INR,2019-05-09,,ACTIVE,Nisha Dixit
ACC00000676,CUST000402,538732218267,FD,PRD007,BR0038,SBIN0426649,514766.59,INR,2018-02-22,,CLOSED,Esha Dubey
ACC00000677,CUST000403,044535570447,SALARY,PRD004,BR0002,ICIC0823451,1428280.32,INR,2012-12-10,,ACTIVE,Rajan Khan
ACC00000678,CUST000403,112155720308,RD,PRD008,BR0012,IDIB0752840,951246.41,INR,2010-06-19,,ACTIVE,Raj Yadav
ACC00000679,CUST000403,723841211545,NRI,PRD005,BR0032,UBIN0365981,471200.15,INR,2017-05-12,,DORMANT,Kiran Pandey
ACC00000680,CUST000404,443628763011,RD,PRD008,BR0022,HDFC0467739,212938.75,INR,2022-11-29,,DORMANT,Rakesh Tiwari
ACC00000681,CUST000405,124021640206,CURRENT,PRD003,BR0017,HDFC0400286,1198366.97,INR,2025-01-23,,CLOSED,Ravi Chopra
ACC00000682,CUST000405,517372498141,SALARY,PRD004,BR0016,IDIB0398836,629315.3,INR,2013-05-17,,DORMANT,Bhavya Gandhi
ACC00000683,CUST000406,540745427323,RD,PRD008,BR0049,AXIS0235957,904220.76,INR,2017-03-18,,ACTIVE,Suresh Gupta
ACC00000684,CUST000407,992654640734,SALARY,PRD004,BR0028,PUNB0431998,215882.53,INR,2026-02-16,,ACTIVE,Madhuri Chatterjee
ACC00000685,CUST000408,797811270290,RD,PRD008,BR0018,UBIN0747859,2121989.88,INR,2012-04-17,,ACTIVE,Sneha Naik
ACC00000686,CUST000408,644346626343,SAVINGS,PRD001,BR0049,CNRB0173988,74381.47,INR,2011-10-23,,ACTIVE,Harsha Dubey
ACC00000687,CUST000409,872886152090,CURRENT,PRD003,BR0024,CNRB0344368,2375228.4,INR,2020-07-18,,ACTIVE,Geeta Saxena
ACC00000688,CUST000410,322082324493,SAVINGS,PRD001,BR0020,BARB0283550,616095.78,INR,2011-07-30,,DORMANT,Sunita Gandhi
ACC00000689,CUST000410,216001140388,FD,PRD006,BR0028,BKID0426722,212421.19,INR,2025-12-08,,CLOSED,Sanjay Singh
ACC00000690,CUST000411,730692925834,FD,PRD007,BR0044,CNRB0274115,2178781.72,INR,2017-03-24,,DORMANT,Rekha Shah
ACC00000691,CUST000411,681547365832,SALARY,PRD004,BR0046,IDIB0240563,2372731.28,INR,2012-08-27,,ACTIVE,Yash Mukherjee
ACC00000692,CUST000411,502354271910,CURRENT,PRD003,BR0028,HDFC0554271,2150281.81,INR,2020-06-04,,DORMANT,Aarav Bhat
ACC00000693,CUST000412,387460529680,RD,PRD008,BR0005,BKID0741316,1364950.1,INR,2025-10-17,,CLOSED,Shubham Pillai
ACC00000694,CUST000412,549475343959,SAVINGS,PRD001,BR0008,BKID0496107,2213260.66,INR,2017-01-08,,DORMANT,Ananya Kumar
ACC00000695,CUST000413,561107454758,FD,PRD006,BR0003,BARB0125762,235253.79,INR,2023-09-22,,CLOSED,Ravi Dixit
ACC00000696,CUST000413,969265040549,NRI,PRD005,BR0014,HDFC0716876,437042.6,INR,2013-10-14,,ACTIVE,Esha Nair
ACC00000697,CUST000414,832829916306,RD,PRD008,BR0044,HDFC0698071,2394088.29,INR,2018-11-14,,ACTIVE,Sara Hegde
ACC00000698,CUST000415,558099324790,CURRENT,PRD003,BR0039,SBIN0756602,776490.29,INR,2025-06-16,,DORMANT,Ishita Agarwal
ACC00000699,CUST000416,414990287624,SAVINGS,PRD001,BR0032,BKID0231579,1426720.33,INR,2020-07-26,,ACTIVE,Zara Patil
ACC00000700,CUST000417,569602161810,NRI,PRD005,BR0021,BARB0566764,1348281.42,INR,2010-12-24,,ACTIVE,Rohit Bose
ACC00000701,CUST000417,752561010927,CURRENT,PRD003,BR0017,IDIB0704086,88294.16,INR,2018-05-06,,CLOSED,Kabir Chatterjee
ACC00000702,CUST000418,352129862887,CURRENT,PRD003,BR0046,IDIB0431510,1988496.5,INR,2015-11-01,,DORMANT,Deepak Khanna
ACC00000703,CUST000418,970487547684,CURRENT,PRD003,BR0032,ICIC0119419,1588707.26,INR,2011-07-03,,CLOSED,Lakshmi Hegde
ACC00000704,CUST000419,246670930233,SALARY,PRD004,BR0046,CNRB0305201,1550736.72,INR,2019-10-17,,DORMANT,Mohit Dubey
ACC00000705,CUST000419,917190768250,RD,PRD008,BR0048,CNRB0859959,492532.53,INR,2018-09-13,,CLOSED,Pallavi Gandhi
ACC00000706,CUST000419,911856860348,NRI,PRD005,BR0046,CNRB0597397,1097256.53,INR,2012-10-30,,ACTIVE,Mohan Kaur
ACC00000707,CUST000420,280356617762,SAVINGS,PRD002,BR0028,PUNB0498273,567526.54,INR,2010-06-04,,ACTIVE,Mohan Bose
ACC00000708,CUST000421,049218526245,NRI,PRD005,BR0032,BARB0698316,951097.16,INR,2025-09-04,,ACTIVE,Madhuri Nair
ACC00000709,CUST000422,916342307250,NRI,PRD005,BR0042,PUNB0466695,979113.26,INR,2019-08-16,,DORMANT,Vikram Patil
ACC00000710,CUST000422,783250853368,CURRENT,PRD003,BR0041,UBIN0413283,1864263.99,INR,2015-05-08,,ACTIVE,Saurabh Patel
ACC00000711,CUST000423,508664115849,NRI,PRD005,BR0030,SBIN0502949,1221525.85,INR,2015-04-03,,ACTIVE,Vinay Sinha
ACC00000712,CUST000423,556334064901,SAVINGS,PRD001,BR0016,UBIN0433499,15946.06,INR,2022-05-10,,CLOSED,Nikhil Joshi
ACC00000713,CUST000424,683234071950,FD,PRD006,BR0030,UBIN0534271,2186838.95,INR,2023-06-22,,ACTIVE,Swati Chatterjee
ACC00000714,CUST000424,120359852796,SALARY,PRD004,BR0010,BARB0833853,1368206.02,INR,2023-09-24,,DORMANT,Vikram Dubey
ACC00000715,CUST000425,139348146486,CURRENT,PRD003,BR0041,UBIN0360506,530606.38,INR,2025-01-10,,ACTIVE,Chetan Bose
ACC00000716,CUST000426,911715147589,SAVINGS,PRD002,BR0008,CNRB0737454,1675091.72,INR,2024-12-22,,ACTIVE,Vikas Trivedi
ACC00000717,CUST000427,769702160830,SAVINGS,PRD002,BR0007,SBIN0383924,1231024.3,INR,2021-03-20,,ACTIVE,Nandini Sinha
ACC00000718,CUST000428,419941452103,FD,PRD006,BR0008,IDIB0234258,2465892.91,INR,2011-04-09,,ACTIVE,Rohit Mishra
ACC00000719,CUST000428,509450479070,SAVINGS,PRD001,BR0016,AXIS0290513,2325282.24,INR,2019-10-20,,CLOSED,Madhuri Gandhi
ACC00000720,CUST000429,356151319241,RD,PRD008,BR0030,BARB0498492,2494702.24,INR,2017-01-25,,ACTIVE,Vishal Gandhi
ACC00000721,CUST000430,550711331183,RD,PRD008,BR0032,HDFC0352771,1304697.62,INR,2010-09-23,,CLOSED,Vikas Mukherjee
ACC00000722,CUST000431,970184544088,FD,PRD007,BR0037,BKID0619557,2277429.78,INR,2016-04-30,,ACTIVE,Mohan Khanna
ACC00000723,CUST000431,934709648103,SAVINGS,PRD001,BR0010,IDIB0254391,1196849.33,INR,2012-04-14,,ACTIVE,Kavya Kaur
ACC00000724,CUST000431,723879782400,FD,PRD006,BR0028,ICIC0106265,1261942.11,INR,2025-04-27,,ACTIVE,Aditya Iyer
ACC00000725,CUST000432,296000570772,SAVINGS,PRD002,BR0002,PUNB0725580,217995.05,INR,2013-05-22,,ACTIVE,Aarav Banerjee
ACC00000726,CUST000433,369973317673,RD,PRD008,BR0024,UBIN0379432,627282.55,INR,2026-02-17,,ACTIVE,Ishita Jha
ACC00000727,CUST000433,192004582668,RD,PRD008,BR0032,SBIN0864103,589825.92,INR,2019-09-07,,ACTIVE,Aditya Kulkarni
ACC00000728,CUST000433,969688287500,RD,PRD008,BR0038,BARB0136427,912835.01,INR,2022-05-28,,ACTIVE,Pankaj Dixit
ACC00000729,CUST000434,413172264528,RD,PRD008,BR0043,IDIB0681889,1411533.73,INR,2022-06-15,,CLOSED,Aditya Mishra
ACC00000730,CUST000434,955613071622,SAVINGS,PRD002,BR0016,CNRB0145886,2393659.67,INR,2018-04-02,,CLOSED,Deepak Pillai
ACC00000731,CUST000435,192158696253,SAVINGS,PRD001,BR0047,CNRB0190873,252486.59,INR,2014-06-14,,ACTIVE,Vikram Patil
ACC00000732,CUST000436,461762280512,SAVINGS,PRD001,BR0050,AXIS0913306,94832.83,INR,2017-09-25,,ACTIVE,Chetan Mukherjee
ACC00000733,CUST000437,433665593982,SAVINGS,PRD001,BR0015,IDIB0516561,686610.51,INR,2019-08-20,,ACTIVE,Arjun Dubey
ACC00000734,CUST000438,458617103158,SALARY,PRD004,BR0009,BARB0881614,1221663.23,INR,2018-06-06,,CLOSED,Harsha Gandhi
ACC00000735,CUST000439,908116511877,NRI,PRD005,BR0043,BARB0264929,1760695.63,INR,2021-10-18,,CLOSED,Geeta Singh
ACC00000736,CUST000439,311216678619,FD,PRD006,BR0004,BARB0652597,2141583.23,INR,2014-06-24,,ACTIVE,Mohit Kaur
ACC00000737,CUST000440,804786511043,RD,PRD008,BR0027,ICIC0742621,2441478.71,INR,2019-12-30,,CLOSED,Kiran Verma
ACC00000738,CUST000440,729393273356,FD,PRD006,BR0006,AXIS0120569,475951.54,INR,2011-11-10,,ACTIVE,Arun Kulkarni
ACC00000739,CUST000441,092025524824,FD,PRD007,BR0018,CNRB0837838,110252.44,INR,2011-08-30,,DORMANT,Swati Kumar
ACC00000740,CUST000441,931711245591,NRI,PRD005,BR0013,HDFC0654428,99408.58,INR,2010-05-03,,ACTIVE,Simran Khan
ACC00000741,CUST000442,625473668576,SAVINGS,PRD002,BR0012,CNRB0536351,1005240.46,INR,2011-04-27,,DORMANT,Raj Sharma
ACC00000742,CUST000442,311055442234,FD,PRD006,BR0022,AXIS0321602,1868994.16,INR,2025-03-25,,DORMANT,Simran Menon
ACC00000743,CUST000443,911490041845,SAVINGS,PRD002,BR0025,ICIC0337001,553082.16,INR,2025-09-22,,ACTIVE,Nandini Mehta
ACC00000744,CUST000443,951549883746,NRI,PRD005,BR0024,BKID0851064,838894.67,INR,2025-11-05,,ACTIVE,Rekha Mishra
ACC00000745,CUST000444,338073852162,FD,PRD006,BR0032,BKID0480122,2208954.86,INR,2023-04-06,,ACTIVE,Ishaan Sinha
ACC00000746,CUST000444,453648100156,SALARY,PRD004,BR0047,BKID0593513,2239435.03,INR,2011-08-19,,CLOSED,Neha Das
ACC00000747,CUST000445,099962420446,SAVINGS,PRD001,BR0032,CNRB0307751,879241.62,INR,2013-05-16,,ACTIVE,Bhavya Goyal
ACC00000748,CUST000446,565998889399,FD,PRD006,BR0027,IDIB0471859,365576.77,INR,2017-08-21,,ACTIVE,Varun Dubey
ACC00000749,CUST000446,563245041523,CURRENT,PRD003,BR0014,SBIN0384233,1340106.28,INR,2023-09-24,,ACTIVE,Anjali Yadav
ACC00000750,CUST000446,188438192735,NRI,PRD005,BR0011,ICIC0566463,766250.42,INR,2025-01-07,,ACTIVE,Sanjay Naik
ACC00000751,CUST000447,651831405245,CURRENT,PRD003,BR0048,PUNB0334087,1911724.65,INR,2023-02-01,,ACTIVE,Manish Mishra
ACC00000752,CUST000447,722978763227,SALARY,PRD004,BR0041,SBIN0429687,1388015.44,INR,2017-08-28,,ACTIVE,Simran Sharma
ACC00000753,CUST000448,023889485129,SAVINGS,PRD001,BR0011,AXIS0713501,1049425.07,INR,2017-06-22,,DORMANT,Neha Shukla
ACC00000754,CUST000448,564806276149,SAVINGS,PRD002,BR0023,HDFC0739678,1720281.97,INR,2016-04-18,,ACTIVE,Zara Tiwari
ACC00000755,CUST000449,196700507209,SAVINGS,PRD001,BR0007,UBIN0944197,1904081.83,INR,2020-07-08,,ACTIVE,Aditya Jha
ACC00000756,CUST000449,617319974064,RD,PRD008,BR0007,AXIS0437816,2455653.76,INR,2011-09-15,,DORMANT,Sara Nair
ACC00000757,CUST000450,176556643464,FD,PRD007,BR0014,SBIN0523685,226819.42,INR,2020-07-20,,ACTIVE,Raj Agarwal
ACC00000758,CUST000450,882783595980,NRI,PRD005,BR0012,UBIN0684791,1111706.33,INR,2021-04-25,,ACTIVE,Uday Kapoor
ACC00000759,CUST000451,971863516522,RD,PRD008,BR0015,PUNB0515829,1307671.86,INR,2025-12-27,,CLOSED,Mohan Malhotra
ACC00000760,CUST000452,015047527472,SAVINGS,PRD001,BR0031,CNRB0677588,1327142.6,INR,2019-03-19,,ACTIVE,Zara Yadav
ACC00000761,CUST000452,141503955580,NRI,PRD005,BR0046,ICIC0849763,556519.61,INR,2018-03-05,,ACTIVE,Sunil Das
ACC00000762,CUST000453,707029543438,RD,PRD008,BR0011,UBIN0441355,1527560.5,INR,2019-12-30,,DORMANT,Sara Srivastava
ACC00000763,CUST000453,870388174123,SAVINGS,PRD002,BR0038,PUNB0866260,747646.42,INR,2013-11-13,,ACTIVE,Harsha Chopra
ACC00000764,CUST000454,989055594430,RD,PRD008,BR0046,BKID0756454,953684.57,INR,2012-05-22,,ACTIVE,Nisha Bose
ACC00000765,CUST000455,545438408818,CURRENT,PRD003,BR0018,ICIC0894455,1436467.62,INR,2010-06-11,,CLOSED,Aarav Sinha
ACC00000766,CUST000455,630564865879,SAVINGS,PRD002,BR0015,PUNB0122648,91125.7,INR,2013-11-06,,ACTIVE,Farhan Hegde
ACC00000767,CUST000456,030274216472,CURRENT,PRD003,BR0009,SBIN0193822,1863808.05,INR,2025-10-07,,ACTIVE,Akash Goyal
ACC00000768,CUST000456,019613200647,RD,PRD008,BR0029,SBIN0766308,1758414.69,INR,2017-11-28,,DORMANT,Geeta Nair
ACC00000769,CUST000457,223630159451,RD,PRD008,BR0009,HDFC0274842,283330.77,INR,2010-02-26,,ACTIVE,Divya Sharma
ACC00000770,CUST000457,815845153557,RD,PRD008,BR0007,CNRB0657971,1455443.38,INR,2016-03-23,,ACTIVE,Sara Patel
ACC00000771,CUST000458,002652090414,RD,PRD008,BR0030,IDIB0454847,1416794.11,INR,2017-03-05,,ACTIVE,Kiran Mukherjee
ACC00000772,CUST000458,364735740847,SALARY,PRD004,BR0003,IDIB0439352,1293265.92,INR,2014-10-07,,DORMANT,Rahul Saxena
ACC00000773,CUST000459,925574234628,SAVINGS,PRD002,BR0008,IDIB0356409,519995.51,INR,2014-05-15,,CLOSED,Simran Thakur
ACC00000774,CUST000460,913561956407,FD,PRD007,BR0007,BARB0166871,875276.52,INR,2012-10-15,,ACTIVE,Amit Srivastava
ACC00000775,CUST000461,625569513369,FD,PRD007,BR0004,PUNB0869574,605374.55,INR,2017-04-23,,DORMANT,Nikhil Kulkarni
ACC00000776,CUST000462,407694505111,SAVINGS,PRD002,BR0015,UBIN0562694,878326.74,INR,2011-01-31,,ACTIVE,Ravi Saxena
ACC00000777,CUST000463,024998818896,SAVINGS,PRD002,BR0032,UBIN0322757,1256899.68,INR,2021-12-08,,ACTIVE,Vinay Mishra
ACC00000778,CUST000463,682314746871,CURRENT,PRD003,BR0011,HDFC0947236,325688.85,INR,2019-02-14,,ACTIVE,Rajan Banerjee
ACC00000779,CUST000464,082817815183,SAVINGS,PRD002,BR0029,AXIS0915258,637625.52,INR,2018-08-24,,ACTIVE,Esha Gupta
ACC00000780,CUST000464,494233558180,NRI,PRD005,BR0006,UBIN0108446,1458351.78,INR,2025-06-24,2026-01-24,CLOSED,Nikhil Agarwal
ACC00000781,CUST000465,261454156794,SAVINGS,PRD002,BR0031,BKID0545899,1403025.95,INR,2025-05-10,,DORMANT,Nikhil Khan
ACC00000782,CUST000465,365195285215,RD,PRD008,BR0011,SBIN0487835,1956463.87,INR,2016-09-11,,CLOSED,Tanvi Desai
ACC00000783,CUST000465,732494782376,SALARY,PRD004,BR0041,BKID0450082,1921502.38,INR,2010-07-21,,CLOSED,Sunita Shukla
ACC00000784,CUST000466,787225251848,SAVINGS,PRD001,BR0015,PUNB0929270,545247.95,INR,2014-05-18,,CLOSED,Tanvi Yadav
ACC00000785,CUST000467,161146893043,NRI,PRD005,BR0035,ICIC0512923,1296781.13,INR,2017-06-04,,CLOSED,Mohit Naik
ACC00000786,CUST000468,549220885024,RD,PRD008,BR0035,PUNB0114222,399670.4,INR,2021-05-22,,DORMANT,Tanvi Jha
ACC00000787,CUST000468,222214974874,CURRENT,PRD003,BR0037,SBIN0123440,656653.39,INR,2014-11-25,,ACTIVE,Rohit Mukherjee
ACC00000788,CUST000468,579881893727,CURRENT,PRD003,BR0029,IDIB0840055,2312792.02,INR,2024-08-23,,ACTIVE,Bhavya Gupta
ACC00000789,CUST000469,735672538249,SALARY,PRD004,BR0013,AXIS0358235,1588951.2,INR,2020-09-24,,ACTIVE,Kunal Bose
ACC00000790,CUST000470,500039216505,FD,PRD006,BR0050,ICIC0580624,534833.51,INR,2013-02-24,,ACTIVE,Vikas Kulkarni
ACC00000791,CUST000470,516117659788,SAVINGS,PRD002,BR0002,BKID0209657,441330.46,INR,2024-06-16,,CLOSED,Manish Desai
ACC00000792,CUST000471,704590249543,SAVINGS,PRD001,BR0017,ICIC0180457,1112415.64,INR,2011-07-17,,CLOSED,Chetan Patil
ACC00000793,CUST000471,233258607640,RD,PRD008,BR0010,AXIS0569749,1995762.95,INR,2016-12-05,,ACTIVE,Swati Kumar
ACC00000794,CUST000472,960998801654,NRI,PRD005,BR0009,ICIC0746263,147017.31,INR,2025-11-22,,DORMANT,Sanjay Patil
ACC00000795,CUST000472,638642511259,NRI,PRD005,BR0011,BARB0377572,2433590.98,INR,2015-10-04,,ACTIVE,Sunil Gupta
ACC00000796,CUST000473,802074340377,NRI,PRD005,BR0013,AXIS0648528,893001.17,INR,2020-04-23,,CLOSED,Vikram Shah
ACC00000797,CUST000473,616349735548,RD,PRD008,BR0016,ICIC0394028,2477761.23,INR,2026-03-24,,DORMANT,Ananya Bhat
ACC00000798,CUST000474,884316537107,FD,PRD006,BR0007,AXIS0723934,449094.41,INR,2012-12-15,,CLOSED,Madhuri Yadav
ACC00000799,CUST000474,277549412806,FD,PRD007,BR0018,IDIB0803412,1439618.89,INR,2011-11-30,,CLOSED,Divya Rao
ACC00000800,CUST000475,637471090169,SAVINGS,PRD001,BR0030,HDFC0412312,875079.0,INR,2012-06-29,,CLOSED,Akash Chatterjee
ACC00000801,CUST000475,601693861954,NRI,PRD005,BR0029,UBIN0268174,2236856.53,INR,2010-07-19,,CLOSED,Aditya Goyal
ACC00000802,CUST000476,491398216543,CURRENT,PRD003,BR0020,CNRB0900362,1244827.01,INR,2018-10-31,,ACTIVE,Anjali Goyal
ACC00000803,CUST000476,519610631145,NRI,PRD005,BR0015,AXIS0403591,282738.8,INR,2022-03-19,,DORMANT,Sunil Chaudhary
ACC00000804,CUST000477,380451608454,RD,PRD008,BR0039,CNRB0109586,2447970.23,INR,2021-05-12,,ACTIVE,Raj Thakur
ACC00000805,CUST000478,627041965455,SAVINGS,PRD002,BR0020,PUNB0717483,1036672.12,INR,2014-11-25,,DORMANT,Chetan Iyer
ACC00000806,CUST000479,285891267725,RD,PRD008,BR0016,PUNB0460886,1186718.62,INR,2012-11-04,,ACTIVE,Kabir Trivedi
ACC00000807,CUST000480,709569363474,SALARY,PRD004,BR0032,UBIN0116973,445419.94,INR,2017-11-14,,ACTIVE,Shreya Srivastava
ACC00000808,CUST000480,103947995185,NRI,PRD005,BR0050,AXIS0259669,677590.83,INR,2021-02-26,2023-12-15,DORMANT,Rohit Pillai
ACC00000809,CUST000481,806147142121,SALARY,PRD004,BR0015,IDIB0914861,166997.53,INR,2017-09-19,,ACTIVE,Kavya Goyal
ACC00000810,CUST000481,288691936284,SALARY,PRD004,BR0044,IDIB0354356,696693.78,INR,2026-01-21,,ACTIVE,Raj Patil
ACC00000811,CUST000481,529441233192,RD,PRD008,BR0024,AXIS0321569,885092.31,INR,2016-07-04,,ACTIVE,Sneha Kapoor
ACC00000812,CUST000482,809346232438,CURRENT,PRD003,BR0009,HDFC0748757,2042612.11,INR,2023-07-21,,CLOSED,Meera Thakur
ACC00000813,CUST000482,981140531692,SAVINGS,PRD001,BR0035,IDIB0337593,2159890.3,INR,2021-06-23,,ACTIVE,Mohan Pandey
ACC00000814,CUST000482,480590842126,CURRENT,PRD003,BR0003,SBIN0946202,1278490.86,INR,2013-10-11,,ACTIVE,Mohit Thakur
ACC00000815,CUST000483,254919611924,FD,PRD007,BR0027,UBIN0530890,2276039.21,INR,2015-06-10,,ACTIVE,Deepa Desai
ACC00000816,CUST000483,264774857188,SAVINGS,PRD002,BR0029,AXIS0862922,88545.47,INR,2016-02-27,,DORMANT,Aditya Dixit
ACC00000817,CUST000483,271719670773,SAVINGS,PRD001,BR0049,SBIN0802770,1220066.44,INR,2019-05-23,,CLOSED,Simran Thakur
ACC00000818,CUST000484,642172651781,SAVINGS,PRD001,BR0005,ICIC0361749,462510.62,INR,2022-04-19,,ACTIVE,Bhavya Pandey
ACC00000819,CUST000485,278331612783,CURRENT,PRD003,BR0008,UBIN0904762,215120.96,INR,2021-06-14,,CLOSED,Vikram Mukherjee
ACC00000820,CUST000485,201796099538,CURRENT,PRD003,BR0037,HDFC0681505,566282.69,INR,2024-04-11,,DORMANT,Sanjay Rao
ACC00000821,CUST000485,159980198119,CURRENT,PRD003,BR0011,CNRB0140108,950425.66,INR,2023-11-19,,ACTIVE,Vinay Desai
ACC00000822,CUST000486,239667437065,FD,PRD006,BR0040,AXIS0118095,339557.42,INR,2021-05-15,,CLOSED,Pallavi Kumar
ACC00000823,CUST000487,148523804318,CURRENT,PRD003,BR0014,AXIS0189488,2471481.61,INR,2017-01-27,,ACTIVE,Ananya Trivedi
ACC00000824,CUST000488,552842436971,SAVINGS,PRD002,BR0050,CNRB0458205,2438716.74,INR,2016-08-19,,ACTIVE,Nikhil Pandey
ACC00000825,CUST000488,383618219928,NRI,PRD005,BR0042,SBIN0394562,388495.39,INR,2013-03-01,,ACTIVE,Varun Patel
ACC00000826,CUST000489,081704025914,CURRENT,PRD003,BR0030,ICIC0330320,4853.58,INR,2022-10-11,,CLOSED,Nandini Malhotra
ACC00000827,CUST000490,462111790998,NRI,PRD005,BR0041,IDIB0127986,2079831.58,INR,2017-10-29,,ACTIVE,Anjali Chatterjee
ACC00000828,CUST000490,151173906776,FD,PRD007,BR0031,AXIS0158831,1981816.65,INR,2012-04-21,,ACTIVE,Harsha Chaudhary
ACC00000829,CUST000491,933290705835,FD,PRD007,BR0021,UBIN0639120,2150895.46,INR,2012-07-01,,ACTIVE,Vinay Malhotra
ACC00000830,CUST000492,580502828470,RD,PRD008,BR0002,ICIC0659948,1110198.68,INR,2017-04-01,,CLOSED,Rajan Khan
ACC00000831,CUST000492,042424209694,CURRENT,PRD003,BR0008,UBIN0346927,928696.07,INR,2020-03-09,,ACTIVE,Aryan Shah
ACC00000832,CUST000492,088188105588,FD,PRD007,BR0010,CNRB0559276,2243267.97,INR,2021-12-16,,ACTIVE,Suresh Tiwari
ACC00000833,CUST000493,475358527519,FD,PRD007,BR0030,BKID0152529,1572560.51,INR,2022-04-10,,CLOSED,Anand Goyal
ACC00000834,CUST000493,203016940936,SAVINGS,PRD002,BR0001,ICIC0894406,2385518.39,INR,2024-01-25,,ACTIVE,Ananya Chopra
ACC00000835,CUST000494,615289344333,SAVINGS,PRD001,BR0010,SBIN0983846,50217.46,INR,2025-03-24,,ACTIVE,Sara Goyal
ACC00000836,CUST000495,234878840657,SAVINGS,PRD001,BR0039,HDFC0484160,1733431.44,INR,2023-12-01,,CLOSED,Ishaan Saxena
ACC00000837,CUST000496,851525070487,NRI,PRD005,BR0036,AXIS0558607,1263601.01,INR,2016-09-02,,ACTIVE,Kabir Rao
ACC00000838,CUST000497,693950687390,CURRENT,PRD003,BR0019,ICIC0442082,826280.9,INR,2025-02-25,,ACTIVE,Rajan Kulkarni
ACC00000839,CUST000497,203099081810,SAVINGS,PRD001,BR0016,SBIN0434305,1098364.43,INR,2019-12-24,,CLOSED,Arun Bhat
ACC00000840,CUST000497,212651366755,SAVINGS,PRD001,BR0017,CNRB0499017,648567.75,INR,2010-06-03,,DORMANT,Lakshmi Goyal
ACC00000841,CUST000498,262975183581,NRI,PRD005,BR0016,CNRB0600132,2490436.06,INR,2014-03-10,,DORMANT,Zara Dubey
ACC00000842,CUST000499,117110840541,SALARY,PRD004,BR0025,CNRB0258679,867039.6,INR,2013-10-29,,CLOSED,Swati Dutta
ACC00000843,CUST000500,894067071228,CURRENT,PRD003,BR0022,HDFC0359656,1831309.41,INR,2019-11-04,,ACTIVE,Anjali Hegde
ACC00000844,CUST000500,130706563786,NRI,PRD005,BR0014,HDFC0727790,2279518.61,INR,2011-10-07,,ACTIVE,Nikhil Singh
