loan_id,customer_id,loan_type,product_id,principal_amount,interest_rate,tenure_months,emi_amount,disburse_date,maturity_date,outstanding_amount,status,branch_id,collateral_type
LN00000001,CUST000499,GOLD,PRD009,4493047.8,10.31,36,145632.83,2023-10-22,2026-10-06,2357334.48,CLOSED,BR0031,PROPERTY
LN00000002,CUST000381,GOLD,PRD011,6841164.93,12.94,24,325048.68,2025-06-10,2027-05-31,315683.68,RESTRUCTURED,BR0028,FD
LN00000003,CUST000432,GOLD,PRD009,1488301.49,8.96,12,130126.56,2022-09-25,2023-09-20,443497.66,RESTRUCTURED,BR0050,FD
LN00000004,CUST000493,EDUCATION,PRD012,4375603.68,13.42,120,66420.87,2022-08-10,2032-06-18,172135.62,ACTIVE,BR0039,VEHICLE
LN00000005,CUST000224,PERSONAL,PRD012,7103860.81,8.72,12,620321.1,2022-02-08,2023-02-03,3540511.55,DEFAULT,BR0022,NONE
LN00000006,CUST000302,PERSONAL,PRD009,7688302.04,10.44,36,249671.14,2025-03-13,2028-02-26,4391881.01,DEFAULT,BR0008,NONE
LN00000007,CUST000304,EDUCATION,PRD011,1219253.28,12.28,84,21706.15,2018-08-23,2025-07-17,659035.03,DEFAULT,BR0010,GOLD
LN00000008,CUST000283,CAR,PRD010,8348475.81,14.38,60,195903.05,2020-08-09,2025-07-14,5996593.71,DEFAULT,BR0016,FD
LN00000009,CUST000351,HOME,PRD011,4092389.36,7.55,240,33093.24,2015-10-07,2035-06-24,2719646.98,CLOSED,BR0002,PROPERTY
LN00000010,CUST000135,GOLD,PRD010,2726525.0,11.84,180,32442.75,2024-06-08,2039-03-22,791963.78,ACTIVE,BR0033,GOLD
LN00000011,CUST000160,EDUCATION,PRD011,2130726.93,11.0,24,99308.58,2025-12-25,2027-12-15,869776.53,RESTRUCTURED,BR0028,VEHICLE
LN00000012,CUST000405,CAR,PRD012,898071.09,10.04,36,28995.1,2019-06-07,2022-05-22,825737.36,DEFAULT,BR0023,NONE
LN00000013,CUST000129,CAR,PRD011,8257158.72,11.87,180,98410.24,2019-06-30,2034-04-12,7737470.31,ACTIVE,BR0005,VEHICLE
LN00000014,CUST000355,PERSONAL,PRD009,6506862.82,9.57,120,84446.79,2024-01-15,2033-11-23,93702.0,DEFAULT,BR0024,NONE
LN00000015,CUST000412,EDUCATION,PRD009,6001859.52,10.61,36,195386.55,2024-12-21,2027-12-06,677307.46,RESTRUCTURED,BR0027,FD
LN00000016,CUST000424,CAR,PRD012,3342133.81,8.65,120,41706.28,2021-07-08,2031-05-17,1147475.57,DEFAULT,BR0050,GOLD
LN00000017,CUST000288,EDUCATION,PRD011,3462815.84,7.92,24,156487.47,2015-01-17,2017-01-06,2898730.8,ACTIVE,BR0001,VEHICLE
LN00000018,CUST000116,BUSINESS,PRD011,5362433.22,12.58,24,253883.25,2021-05-05,2023-04-25,115430.81,ACTIVE,BR0018,PROPERTY
LN00000019,CUST000004,CAR,PRD010,9384740.69,10.35,12,826596.25,2025-12-14,2026-12-09,7001335.34,DEFAULT,BR0035,PROPERTY
LN00000020,CUST000295,CAR,PRD011,9784422.78,9.78,180,103830.95,2016-11-01,2031-08-15,3290490.89,CLOSED,BR0013,GOLD
LN00000021,CUST000291,CAR,PRD010,3783085.66,11.94,84,66660.47,2018-03-23,2025-02-14,2810280.16,ACTIVE,BR0038,PROPERTY
LN00000022,CUST000190,PERSONAL,PRD010,8283543.4,9.11,24,378849.75,2022-06-10,2024-05-30,7844131.17,CLOSED,BR0040,NONE
LN00000023,CUST000236,PERSONAL,PRD012,6931046.56,12.68,36,232467.49,2019-11-14,2022-10-29,3412115.42,RESTRUCTURED,BR0014,NONE
LN00000024,CUST000163,PERSONAL,PRD012,1776287.39,12.84,36,59713.34,2017-10-07,2020-09-21,1514295.06,DEFAULT,BR0029,NONE
LN00000025,CUST000146,CAR,PRD011,8029247.61,9.29,60,167806.33,2022-12-10,2027-11-14,5442848.79,RESTRUCTURED,BR0005,GOLD
LN00000026,CUST000445,EDUCATION,PRD009,134631.48,9.46,60,2824.88,2017-04-08,2022-03-13,88165.04,RESTRUCTURED,BR0045,GOLD
LN00000027,CUST000368,CAR,PRD010,7302525.29,13.51,24,348927.26,2025-07-17,2027-07-07,3022916.71,DEFAULT,BR0018,PROPERTY
LN00000028,CUST000110,CAR,PRD009,2983806.19,8.45,12,260177.85,2024-09-10,2025-09-05,524336.89,DEFAULT,BR0021,VEHICLE
LN00000029,CUST000170,BUSINESS,PRD010,6474950.29,10.8,36,211368.83,2015-03-22,2018-03-06,5204268.45,CLOSED,BR0050,PROPERTY
LN00000030,CUST000058,GOLD,PRD010,3097755.41,12.92,84,56219.61,2023-07-27,2030-06-20,1302962.42,ACTIVE,BR0029,VEHICLE
LN00000031,CUST000165,PERSONAL,PRD010,9222696.29,13.95,24,442590.43,2023-04-05,2025-03-25,5939322.09,RESTRUCTURED,BR0029,NONE
LN00000032,CUST000332,CAR,PRD011,8414878.61,14.3,120,132176.95,2017-02-11,2026-12-21,1060355.33,DEFAULT,BR0038,PROPERTY
LN00000033,CUST000278,PERSONAL,PRD010,6766898.87,10.75,120,92259.01,2019-04-29,2029-03-07,433889.41,ACTIVE,BR0014,NONE
LN00000034,CUST000222,GOLD,PRD011,6322169.19,9.8,120,82849.32,2025-06-24,2035-05-03,1850531.4,RESTRUCTURED,BR0050,NONE
LN00000035,CUST000381,PERSONAL,PRD012,788243.9,8.14,180,7596.71,2020-10-26,2035-08-09,90594.34,CLOSED,BR0021,NONE
LN00000036,CUST000495,HOME,PRD011,5878614.81,8.96,240,52740.29,2024-02-14,2043-11-01,5850735.76,DEFAULT,BR0030,PROPERTY
LN00000037,CUST000076,HOME,PRD012,7715495.36,8.56,120,95908.87,2021-06-09,2031-04-18,3496569.74,ACTIVE,BR0034,VEHICLE
LN00000038,CUST000168,HOME,PRD011,101202.43,12.31,60,2267.08,2024-11-02,2029-10-07,22247.53,DEFAULT,BR0003,PROPERTY
LN00000039,CUST000404,GOLD,PRD012,2120150.42,8.09,120,25824.21,2017-10-28,2027-09-06,837554.13,RESTRUCTURED,BR0034,FD
LN00000040,CUST000273,GOLD,PRD010,6779237.46,9.62,24,311639.75,2024-01-02,2025-12-22,3291181.68,DEFAULT,BR0009,FD
LN00000041,CUST000120,PERSONAL,PRD010,708003.19,9.63,60,14914.4,2017-02-16,2022-01-21,620507.72,DEFAULT,BR0002,NONE
LN00000042,CUST000175,GOLD,PRD009,5665943.74,13.79,60,131220.55,2020-04-04,2025-03-09,26856.19,RESTRUCTURED,BR0049,NONE
LN00000043,CUST000486,PERSONAL,PRD009,5600454.98,9.2,36,178614.73,2019-09-02,2022-08-17,5211913.85,CLOSED,BR0047,NONE
LN00000044,CUST000044,HOME,PRD010,8646593.44,10.71,84,146735.61,2016-10-26,2023-09-20,316438.62,ACTIVE,BR0010,PROPERTY
LN00000045,CUST000276,PERSONAL,PRD010,7923528.4,13.46,36,268733.94,2021-10-09,2024-09-23,1979817.82,ACTIVE,BR0019,NONE
LN00000046,CUST000238,GOLD,PRD010,9515490.53,13.02,36,320706.15,2015-12-16,2018-11-30,9270102.1,CLOSED,BR0005,VEHICLE
LN00000047,CUST000093,BUSINESS,PRD009,3311310.77,11.82,24,155596.7,2022-07-14,2024-07-03,508957.01,DEFAULT,BR0045,PROPERTY
LN00000048,CUST000138,GOLD,PRD010,318495.13,13.77,36,10849.86,2022-11-27,2025-11-11,200191.4,ACTIVE,BR0006,FD
LN00000049,CUST000415,EDUCATION,PRD011,5793283.14,12.46,180,71252.76,2015-12-19,2030-10-01,2923599.3,CLOSED,BR0040,GOLD
LN00000050,CUST000499,GOLD,PRD011,720894.09,13.11,240,8502.38,2018-05-20,2038-02-04,273101.61,RESTRUCTURED,BR0025,GOLD
LN00000051,CUST000205,EDUCATION,PRD012,2632226.26,11.33,60,57665.12,2019-08-22,2024-07-26,1754403.88,DEFAULT,BR0040,GOLD
LN00000052,CUST000281,EDUCATION,PRD011,8204222.62,12.38,84,146499.47,2018-03-06,2025-01-28,1031713.09,ACTIVE,BR0029,NONE
LN00000053,CUST000056,EDUCATION,PRD011,169351.72,12.13,180,2046.69,2018-11-09,2033-08-22,89895.47,CLOSED,BR0020,VEHICLE
LN00000054,CUST000163,HOME,PRD012,8437822.38,12.1,120,121546.52,2023-04-24,2033-03-02,7403843.77,CLOSED,BR0013,GOLD
LN00000055,CUST000340,PERSONAL,PRD009,3921446.93,10.81,12,346236.54,2024-12-15,2025-12-10,2502173.75,ACTIVE,BR0020,NONE
LN00000056,CUST000491,HOME,PRD012,541249.56,11.94,60,12023.39,2021-03-03,2026-02-05,1692.67,CLOSED,BR0004,PROPERTY
LN00000057,CUST000255,GOLD,PRD010,3385725.88,13.89,180,44839.17,2016-10-09,2031-07-23,1072151.14,CLOSED,BR0034,NONE
LN00000058,CUST000036,EDUCATION,PRD011,1637155.28,10.07,12,143985.26,2023-07-02,2024-06-26,1449153.72,CLOSED,BR0021,PROPERTY
LN00000059,CUST000305,EDUCATION,PRD012,9580365.06,8.17,12,834134.13,2023-08-20,2024-08-14,9518915.03,DEFAULT,BR0011,FD
LN00000060,CUST000413,GOLD,PRD012,6932212.61,7.69,60,139534.06,2020-05-11,2025-04-15,6145517.65,RESTRUCTURED,BR0012,NONE
LN00000061,CUST000102,GOLD,PRD011,7163221.78,9.43,180,74497.86,2024-07-04,2039-04-17,3339324.77,RESTRUCTURED,BR0048,FD
LN00000062,CUST000080,EDUCATION,PRD010,4097711.62,9.23,120,52419.52,2025-12-19,2035-10-28,1414923.8,RESTRUCTURED,BR0037,NONE
LN00000063,CUST000139,HOME,PRD009,62179.26,10.09,60,1323.88,2025-09-27,2030-09-01,53842.28,RESTRUCTURED,BR0001,VEHICLE
LN00000064,CUST000379,EDUCATION,PRD009,3064624.4,13.08,60,69855.19,2022-06-03,2027-05-08,1364765.71,ACTIVE,BR0042,VEHICLE
LN00000065,CUST000361,HOME,PRD010,9386673.04,13.83,36,320039.75,2016-11-01,2019-10-17,9215824.66,RESTRUCTURED,BR0012,FD
LN00000066,CUST000226,EDUCATION,PRD010,4347707.44,13.0,12,388325.38,2018-09-13,2019-09-08,1459212.42,DEFAULT,BR0029,FD
LN00000067,CUST000019,PERSONAL,PRD012,6755522.4,14.79,84,129565.0,2024-01-19,2030-12-13,4981122.2,ACTIVE,BR0034,NONE
LN00000068,CUST000440,EDUCATION,PRD009,7782822.32,8.23,12,677843.43,2020-03-15,2021-03-10,3433648.55,RESTRUCTURED,BR0011,GOLD
LN00000069,CUST000489,CAR,PRD010,4828704.52,9.43,24,221552.01,2022-06-09,2024-05-29,4432071.84,ACTIVE,BR0047,FD
LN00000070,CUST000249,GOLD,PRD009,1340146.51,7.83,24,60507.34,2025-09-20,2027-09-10,629579.89,RESTRUCTURED,BR0045,FD
LN00000071,CUST000095,CAR,PRD012,5168015.79,12.17,60,115404.12,2020-09-24,2025-08-29,1560196.91,DEFAULT,BR0025,VEHICLE
LN00000072,CUST000320,BUSINESS,PRD011,7382288.19,10.45,24,342190.46,2023-03-29,2025-03-18,2445616.27,RESTRUCTURED,BR0003,FD
LN00000073,CUST000332,HOME,PRD010,467387.45,10.67,180,5215.86,2017-01-22,2031-11-05,50363.72,ACTIVE,BR0024,FD
LN00000074,CUST000228,PERSONAL,PRD012,5464529.75,9.73,60,115380.47,2024-01-16,2028-12-20,4566124.56,DEFAULT,BR0045,NONE
LN00000075,CUST000429,GOLD,PRD010,5026378.84,8.42,12,438213.49,2018-05-26,2019-05-21,1291180.4,DEFAULT,BR0029,GOLD
LN00000076,CUST000320,GOLD,PRD009,8404706.53,10.29,36,272342.01,2023-08-17,2026-08-01,3281057.65,DEFAULT,BR0019,FD
LN00000077,CUST000133,CAR,PRD012,4058173.72,10.84,60,87911.06,2019-06-09,2024-05-13,1000304.97,ACTIVE,BR0035,PROPERTY
LN00000078,CUST000055,EDUCATION,PRD012,7740178.14,9.74,24,356241.82,2021-07-01,2023-06-21,4167693.81,ACTIVE,BR0006,FD
LN00000079,CUST000033,CAR,PRD011,1054910.9,9.25,24,48314.43,2018-06-04,2020-05-24,304804.22,RESTRUCTURED,BR0001,NONE
LN00000080,CUST000480,HOME,PRD010,845378.87,9.8,12,74243.62,2020-06-23,2021-06-18,597345.68,CLOSED,BR0043,FD
LN00000081,CUST000283,GOLD,PRD012,9186725.12,8.73,180,91708.13,2022-08-03,2037-05-16,3360341.5,DEFAULT,BR0046,GOLD
LN00000082,CUST000204,HOME,PRD012,1928544.97,11.61,180,22664.11,2025-10-15,2040-07-28,1208328.45,DEFAULT,BR0041,PROPERTY
LN00000083,CUST000091,GOLD,PRD011,1653119.15,8.21,60,33685.69,2015-08-24,2020-07-28,1419790.73,DEFAULT,BR0034,GOLD
LN00000084,CUST000392,EDUCATION,PRD012,8223067.06,9.58,240,77079.87,2020-06-28,2040-03-15,7215373.85,CLOSED,BR0033,GOLD
LN00000085,CUST000481,CAR,PRD012,8429904.28,12.08,36,280315.66,2019-04-03,2022-03-18,7699918.37,DEFAULT,BR0050,NONE
LN00000086,CUST000416,EDUCATION,PRD010,4423418.72,8.86,180,44497.61,2019-07-04,2034-04-16,3993503.72,RESTRUCTURED,BR0009,GOLD
LN00000087,CUST000308,CAR,PRD009,1666839.55,9.21,12,145929.95,2020-11-05,2021-10-31,382578.62,DEFAULT,BR0012,FD
LN00000088,CUST000096,CAR,PRD009,5879967.42,14.81,60,139298.27,2020-11-03,2025-10-08,2512224.29,RESTRUCTURED,BR0034,GOLD
LN00000089,CUST000226,EDUCATION,PRD012,6842415.98,14.97,240,89948.59,2019-08-10,2039-04-27,3520384.7,RESTRUCTURED,BR0014,VEHICLE
LN00000090,CUST000067,EDUCATION,PRD010,3044718.02,14.99,60,72417.65,2025-07-05,2030-06-09,1218035.56,RESTRUCTURED,BR0029,NONE
LN00000091,CUST000101,GOLD,PRD012,5504120.97,8.26,120,67538.75,2021-12-18,2031-10-27,696850.04,ACTIVE,BR0008,GOLD
LN00000092,CUST000265,GOLD,PRD012,9530195.17,10.42,240,94635.97,2018-12-25,2038-09-11,9294980.57,CLOSED,BR0020,PROPERTY
LN00000093,CUST000055,GOLD,PRD011,6835714.77,13.15,240,80817.15,2023-05-08,2043-01-23,6398801.74,RESTRUCTURED,BR0026,PROPERTY
LN00000094,CUST000438,BUSINESS,PRD011,5604534.31,11.31,36,184309.13,2019-03-13,2022-02-25,4513681.33,RESTRUCTURED,BR0028,VEHICLE
LN00000095,CUST000164,HOME,PRD012,5893085.26,8.79,36,186823.1,2021-04-04,2024-03-19,4623685.44,RESTRUCTURED,BR0027,NONE
LN00000096,CUST000108,PERSONAL,PRD010,9046971.57,11.73,60,200012.7,2019-12-10,2024-11-13,6556143.92,CLOSED,BR0009,NONE
LN00000097,CUST000433,GOLD,PRD012,5298019.29,11.67,36,175136.18,2023-08-04,2026-07-19,4389445.91,CLOSED,BR0033,PROPERTY
LN00000098,CUST000031,EDUCATION,PRD012,6953278.63,11.46,60,152781.13,2018-12-10,2023-11-14,5608579.77,RESTRUCTURED,BR0018,FD
LN00000099,CUST000395,BUSINESS,PRD012,4767604.88,8.1,60,96898.17,2022-05-02,2027-04-06,829471.61,RESTRUCTURED,BR0014,FD
LN00000100,CUST000264,HOME,PRD009,62176.86,7.51,180,576.74,2021-08-31,2036-06-13,32660.3,ACTIVE,BR0042,GOLD
LN00000101,CUST000270,HOME,PRD012,6579338.25,12.19,120,95118.45,2015-04-21,2025-02-27,2898413.48,DEFAULT,BR0020,PROPERTY
LN00000102,CUST000116,HOME,PRD010,4461255.4,14.87,60,105828.77,2020-04-20,2025-03-25,3327757.98,RESTRUCTURED,BR0026,NONE
LN00000103,CUST000328,CAR,PRD009,2205561.62,14.39,24,106302.18,2018-09-20,2020-09-09,734370.52,DEFAULT,BR0048,GOLD
LN00000104,CUST000274,HOME,PRD012,8233142.51,13.99,240,102321.05,2016-10-17,2036-07-04,2177616.92,RESTRUCTURED,BR0033,PROPERTY
LN00000105,CUST000224,HOME,PRD009,2537032.32,12.84,84,45933.2,2015-08-18,2022-07-12,1777156.55,RESTRUCTURED,BR0005,GOLD
LN00000106,CUST000288,HOME,PRD012,4668654.36,11.0,84,79938.74,2026-02-18,2033-01-12,4526419.55,CLOSED,BR0044,PROPERTY
LN00000107,CUST000219,HOME,PRD010,1423551.16,11.66,12,126254.48,2025-02-07,2026-02-02,1198615.56,CLOSED,BR0047,VEHICLE
LN00000108,CUST000261,BUSINESS,PRD009,227387.38,14.1,60,5302.7,2024-09-07,2029-08-12,5504.14,DEFAULT,BR0028,VEHICLE
LN00000109,CUST000303,GOLD,PRD010,347797.96,12.39,180,4261.82,2025-10-17,2040-07-30,52072.3,DEFAULT,BR0044,PROPERTY
LN00000110,CUST000141,CAR,PRD012,8350315.39,14.15,36,286002.72,2019-09-12,2022-08-27,761722.35,RESTRUCTURED,BR0020,VEHICLE
LN00000111,CUST000082,HOME,PRD011,9107842.75,11.36,36,299734.22,2022-12-13,2025-11-27,7700687.94,CLOSED,BR0023,VEHICLE
LN00000112,CUST000186,BUSINESS,PRD012,2141596.03,11.01,60,46574.17,2019-05-24,2024-04-27,1099658.27,RESTRUCTURED,BR0010,GOLD
LN00000113,CUST000072,BUSINESS,PRD012,4738793.8,13.23,240,56296.83,2026-01-06,2045-09-23,575095.98,CLOSED,BR0040,NONE
LN00000114,CUST000448,CAR,PRD011,748103.68,13.87,180,9897.55,2019-04-28,2034-02-08,572914.87,DEFAULT,BR0038,PROPERTY
LN00000115,CUST000312,PERSONAL,PRD011,2251325.73,12.08,84,39838.43,2015-06-21,2022-05-15,1727160.66,CLOSED,BR0002,NONE
LN00000116,CUST000489,HOME,PRD012,5357464.47,7.57,60,107530.9,2023-07-11,2028-06-14,1823546.84,CLOSED,BR0014,VEHICLE
LN00000117,CUST000120,CAR,PRD012,393470.18,14.27,60,9210.53,2020-02-09,2025-01-13,365623.44,RESTRUCTURED,BR0049,FD
LN00000118,CUST000122,PERSONAL,PRD010,9571044.47,9.61,180,100579.47,2021-04-21,2036-02-02,7280874.96,DEFAULT,BR0030,NONE
LN00000119,CUST000064,HOME,PRD009,1341899.6,12.13,24,63249.37,2024-11-04,2026-10-25,1023608.41,ACTIVE,BR0042,NONE
LN00000120,CUST000258,PERSONAL,PRD009,4885139.37,12.23,240,54574.96,2019-05-27,2039-02-11,1659484.58,DEFAULT,BR0011,NONE
LN00000121,CUST000283,GOLD,PRD009,132132.6,14.79,240,1719.44,2025-06-13,2045-02-28,71845.48,ACTIVE,BR0014,FD
LN00000122,CUST000435,EDUCATION,PRD009,7220112.25,9.7,84,118746.21,2021-01-12,2027-12-07,2775782.42,DEFAULT,BR0037,FD
LN00000123,CUST000222,EDUCATION,PRD011,4305006.82,13.45,36,145987.55,2023-05-01,2026-04-15,637294.11,RESTRUCTURED,BR0046,NONE
LN00000124,CUST000194,EDUCATION,PRD010,7374244.92,9.19,60,153758.09,2024-11-03,2029-10-08,6819628.48,ACTIVE,BR0006,NONE
LN00000125,CUST000393,CAR,PRD009,9370656.16,11.13,36,307360.47,2016-06-08,2019-05-24,309336.95,CLOSED,BR0016,GOLD
LN00000126,CUST000327,CAR,PRD012,3580698.39,11.26,120,49852.58,2018-06-01,2028-04-09,14119.07,RESTRUCTURED,BR0007,GOLD
LN00000127,CUST000179,CAR,PRD012,4602679.82,10.09,36,148710.09,2023-03-28,2026-03-12,3550787.57,DEFAULT,BR0018,VEHICLE
LN00000128,CUST000152,GOLD,PRD011,1657849.06,10.83,240,16920.74,2018-09-09,2038-05-27,273299.45,CLOSED,BR0010,VEHICLE
LN00000129,CUST000297,HOME,PRD009,5818778.23,12.24,84,103465.66,2026-02-18,2033-01-12,2440267.29,RESTRUCTURED,BR0042,FD
LN00000130,CUST000372,EDUCATION,PRD011,1121261.6,10.22,36,36295.88,2021-06-16,2024-05-31,39191.81,ACTIVE,BR0049,PROPERTY
LN00000131,CUST000300,PERSONAL,PRD011,4437734.78,13.71,36,151046.95,2024-08-10,2027-07-26,607161.29,ACTIVE,BR0023,NONE
LN00000132,CUST000175,CAR,PRD012,7599883.44,7.59,60,152611.31,2019-04-20,2024-03-24,6077057.55,DEFAULT,BR0040,FD
LN00000133,CUST000262,PERSONAL,PRD009,9722718.54,7.71,84,150139.44,2019-02-01,2025-12-26,1099407.7,ACTIVE,BR0047,NONE
LN00000134,CUST000460,CAR,PRD012,412996.36,12.1,120,5949.2,2023-08-03,2033-06-11,272303.19,DEFAULT,BR0007,FD
LN00000135,CUST000475,BUSINESS,PRD010,5634903.48,9.62,36,180818.83,2018-03-03,2021-02-15,1007560.52,RESTRUCTURED,BR0041,NONE
LN00000136,CUST000112,GOLD,PRD011,3080077.15,13.67,240,37565.43,2017-07-21,2037-04-07,2351055.01,CLOSED,BR0016,NONE
LN00000137,CUST000439,EDUCATION,PRD009,7215351.69,14.23,84,136134.18,2023-05-19,2030-04-12,2147750.01,DEFAULT,BR0046,GOLD
LN00000138,CUST000189,CAR,PRD012,3776161.64,7.8,84,58480.5,2025-07-18,2032-06-11,1372201.88,DEFAULT,BR0040,GOLD
LN00000139,CUST000029,CAR,PRD010,1895334.8,9.69,84,31162.05,2020-06-27,2027-05-22,1226022.0,RESTRUCTURED,BR0039,VEHICLE
LN00000140,CUST000373,HOME,PRD012,4319618.59,12.34,120,62825.95,2022-04-22,2032-02-29,3968307.69,CLOSED,BR0012,FD
LN00000141,CUST000317,CAR,PRD012,445552.87,7.88,240,3693.58,2025-07-24,2045-04-10,219006.01,DEFAULT,BR0006,PROPERTY
LN00000142,CUST000205,EDUCATION,PRD010,9424978.17,13.37,240,112914.34,2015-04-28,2035-01-13,4042567.55,RESTRUCTURED,BR0029,PROPERTY
LN00000143,CUST000083,PERSONAL,PRD012,3945224.56,13.82,180,52063.94,2022-11-25,2037-09-07,3630629.5,RESTRUCTURED,BR0012,NONE
LN00000144,CUST000227,BUSINESS,PRD011,7857832.34,10.89,12,694085.14,2022-06-04,2023-05-30,6097847.67,ACTIVE,BR0003,FD
LN00000145,CUST000292,GOLD,PRD009,7964070.21,14.46,84,151277.84,2022-01-25,2028-12-19,6740509.84,RESTRUCTURED,BR0018,FD
LN00000146,CUST000234,PERSONAL,PRD012,7426510.43,9.04,120,94236.74,2015-02-22,2024-12-31,2178555.0,DEFAULT,BR0003,NONE
LN00000147,CUST000333,EDUCATION,PRD012,6257533.51,14.81,240,81521.43,2023-11-06,2043-07-24,6140544.19,CLOSED,BR0042,PROPERTY
LN00000148,CUST000032,BUSINESS,PRD010,9490693.74,9.03,240,85573.44,2020-11-11,2040-07-29,1232663.77,DEFAULT,BR0045,GOLD
LN00000149,CUST000110,PERSONAL,PRD009,4014288.08,9.04,84,64667.71,2021-08-13,2028-07-07,1013975.07,CLOSED,BR0045,NONE
LN00000150,CUST000497,GOLD,PRD010,358301.83,12.76,180,4476.95,2025-02-15,2039-11-29,277510.69,RESTRUCTURED,BR0048,GOLD
LN00000151,CUST000384,GOLD,PRD009,2315444.84,7.98,36,72536.26,2016-04-22,2019-04-07,901306.19,ACTIVE,BR0017,VEHICLE
LN00000152,CUST000032,CAR,PRD009,3556452.13,13.13,36,120053.74,2018-09-03,2021-08-18,3218523.61,DEFAULT,BR0011,VEHICLE
LN00000153,CUST000241,CAR,PRD009,8146187.02,8.72,84,129910.02,2017-02-14,2024-01-09,7219865.47,RESTRUCTURED,BR0047,PROPERTY
LN00000154,CUST000129,EDUCATION,PRD011,5287446.62,9.1,24,241798.31,2020-05-31,2022-05-21,4121098.99,RESTRUCTURED,BR0009,NONE
LN00000155,CUST000094,BUSINESS,PRD011,8389063.18,12.59,84,150749.83,2017-04-10,2024-03-04,5661777.08,DEFAULT,BR0006,NONE
LN00000156,CUST000248,BUSINESS,PRD010,6961944.93,12.11,84,123307.27,2017-03-24,2024-02-16,4469557.19,DEFAULT,BR0018,PROPERTY
LN00000157,CUST000146,CAR,PRD012,1034386.64,11.71,12,91763.73,2023-12-31,2024-12-25,860761.99,ACTIVE,BR0048,GOLD
LN00000158,CUST000015,BUSINESS,PRD010,3387784.38,10.22,180,36862.62,2016-02-26,2030-12-09,181551.74,ACTIVE,BR0027,FD
LN00000159,CUST000153,BUSINESS,PRD012,344646.58,12.2,120,4984.61,2025-07-22,2035-05-31,111485.69,CLOSED,BR0010,VEHICLE
LN00000160,CUST000049,CAR,PRD012,7572740.72,7.86,180,71758.34,2020-09-30,2035-07-14,5773844.56,RESTRUCTURED,BR0024,GOLD
LN00000161,CUST000243,GOLD,PRD012,5568055.1,12.27,24,262810.3,2019-12-30,2021-12-19,4193725.31,DEFAULT,BR0044,FD
LN00000162,CUST000202,CAR,PRD009,5371171.96,13.24,84,98414.35,2024-04-16,2031-03-11,4763260.02,RESTRUCTURED,BR0005,PROPERTY
LN00000163,CUST000249,HOME,PRD009,4368966.96,14.15,180,58624.3,2022-07-29,2037-05-11,3780832.94,RESTRUCTURED,BR0029,FD
LN00000164,CUST000102,GOLD,PRD010,673743.14,12.83,84,12194.53,2020-04-27,2027-03-22,377594.02,RESTRUCTURED,BR0047,FD
LN00000165,CUST000414,BUSINESS,PRD012,5488552.7,13.58,24,262433.55,2023-04-09,2025-03-29,5040610.22,DEFAULT,BR0012,GOLD
LN00000166,CUST000303,BUSINESS,PRD011,3717333.62,7.89,24,167938.5,2020-12-09,2022-11-29,2889765.9,DEFAULT,BR0018,VEHICLE
LN00000167,CUST000190,EDUCATION,PRD011,3833734.01,7.73,240,31425.7,2019-12-23,2039-09-09,1119541.31,RESTRUCTURED,BR0016,PROPERTY
LN00000168,CUST000023,BUSINESS,PRD010,4090147.48,10.46,84,68877.39,2016-05-22,2023-04-16,618034.6,RESTRUCTURED,BR0033,FD
LN00000169,CUST000251,HOME,PRD010,7934147.57,11.42,84,137610.38,2018-05-22,2025-04-15,7108330.76,CLOSED,BR0020,GOLD
LN00000170,CUST000424,EDUCATION,PRD012,1364127.54,9.26,60,28489.49,2021-10-04,2026-09-08,963176.73,RESTRUCTURED,BR0023,VEHICLE
LN00000171,CUST000065,EDUCATION,PRD012,5308137.17,13.18,180,67790.7,2016-04-10,2031-01-22,4295465.31,DEFAULT,BR0030,FD
LN00000172,CUST000047,PERSONAL,PRD010,5372818.48,10.69,84,91122.34,2020-01-05,2026-11-29,3528263.49,DEFAULT,BR0028,NONE
LN00000173,CUST000418,HOME,PRD010,1083244.53,8.47,36,34180.31,2017-11-27,2020-11-11,92259.27,ACTIVE,BR0018,FD
LN00000174,CUST000384,HOME,PRD010,4697065.52,7.74,60,94656.16,2021-08-25,2026-07-30,2056883.51,DEFAULT,BR0011,FD
LN00000175,CUST000100,HOME,PRD010,2879386.54,14.5,240,36856.08,2015-03-19,2034-12-04,1992336.35,CLOSED,BR0036,FD
LN00000176,CUST000287,BUSINESS,PRD012,6390507.74,12.36,180,78183.11,2019-09-20,2034-07-03,2035472.21,RESTRUCTURED,BR0021,GOLD
LN00000177,CUST000211,PERSONAL,PRD012,2296070.59,13.87,60,53270.92,2024-11-21,2029-10-26,2225197.64,RESTRUCTURED,BR0039,NONE
LN00000178,CUST000108,CAR,PRD010,7406048.34,7.91,36,231771.27,2023-06-16,2026-05-31,983606.51,RESTRUCTURED,BR0047,VEHICLE
LN00000179,CUST000322,CAR,PRD012,4699621.1,8.72,240,41441.14,2017-01-03,2036-09-20,4438929.82,CLOSED,BR0031,PROPERTY
LN00000180,CUST000444,HOME,PRD012,1702272.93,11.5,84,29596.5,2017-04-12,2024-03-06,78852.64,DEFAULT,BR0047,PROPERTY
LN00000181,CUST000426,PERSONAL,PRD010,2326565.66,14.48,60,54715.82,2018-09-04,2023-08-09,252973.41,CLOSED,BR0008,NONE
LN00000182,CUST000166,EDUCATION,PRD012,8336594.07,12.34,240,93776.75,2020-06-11,2040-02-27,7442878.94,ACTIVE,BR0032,PROPERTY
LN00000183,CUST000289,GOLD,PRD009,4056623.73,12.45,120,59260.91,2015-10-31,2025-09-08,2873157.73,DEFAULT,BR0021,FD
LN00000184,CUST000409,CAR,PRD010,2289981.07,9.77,120,29971.36,2023-02-03,2032-12-12,180391.48,CLOSED,BR0049,VEHICLE
LN00000185,CUST000391,HOME,PRD012,2486246.72,8.33,24,112820.77,2015-10-26,2017-10-15,703554.58,ACTIVE,BR0037,VEHICLE
LN00000186,CUST000157,EDUCATION,PRD009,5272408.43,13.17,60,120422.82,2021-09-30,2026-09-04,2427150.42,CLOSED,BR0045,FD
LN00000187,CUST000015,PERSONAL,PRD012,6120931.04,13.27,24,291777.08,2021-07-08,2023-06-28,2762502.63,ACTIVE,BR0015,NONE
LN00000188,CUST000253,EDUCATION,PRD011,9107891.67,7.7,24,410680.21,2020-03-03,2022-02-21,6229326.36,CLOSED,BR0029,PROPERTY
LN00000189,CUST000473,PERSONAL,PRD010,7314259.33,14.9,36,253193.17,2025-11-17,2028-11-01,6947734.17,ACTIVE,BR0010,NONE
LN00000190,CUST000374,GOLD,PRD010,1148639.62,14.74,180,15872.16,2022-02-17,2036-11-30,999540.75,RESTRUCTURED,BR0046,FD
LN00000191,CUST000414,CAR,PRD011,9586245.91,8.01,24,433603.66,2021-07-15,2023-07-05,5873966.58,CLOSED,BR0036,VEHICLE
LN00000192,CUST000358,PERSONAL,PRD012,4034875.46,9.98,180,43309.62,2015-03-15,2029-12-26,1232296.14,RESTRUCTURED,BR0023,NONE
LN00000193,CUST000106,EDUCATION,PRD011,8702919.78,10.19,84,145334.59,2015-05-18,2022-04-11,4376769.48,CLOSED,BR0027,GOLD
LN00000194,CUST000079,PERSONAL,PRD010,8220236.99,11.81,120,117035.41,2017-09-08,2027-07-18,2759486.15,ACTIVE,BR0005,NONE
LN00000195,CUST000291,PERSONAL,PRD010,8150085.64,7.62,60,163776.14,2018-05-22,2023-04-26,1409644.51,CLOSED,BR0033,NONE
LN00000196,CUST000008,HOME,PRD012,2457537.89,12.18,180,29779.77,2017-01-03,2031-10-17,1229483.54,DEFAULT,BR0044,VEHICLE
LN00000197,CUST000177,HOME,PRD009,6777026.22,8.04,240,56854.59,2023-11-15,2043-08-02,5660080.61,CLOSED,BR0041,FD
LN00000198,CUST000156,CAR,PRD012,3521984.61,11.41,84,61066.88,2021-11-19,2028-10-13,2288888.19,CLOSED,BR0041,PROPERTY
LN00000199,CUST000278,PERSONAL,PRD010,4237612.53,14.91,60,100612.42,2023-07-09,2028-06-12,3734274.0,CLOSED,BR0017,NONE
LN00000200,CUST000259,GOLD,PRD009,646696.54,11.58,24,30315.57,2020-07-20,2022-07-10,17663.09,RESTRUCTURED,BR0042,GOLD
LN00000201,CUST000266,EDUCATION,PRD011,3713405.33,13.51,60,85464.02,2017-09-10,2022-08-15,1912630.22,CLOSED,BR0004,VEHICLE
LN00000202,CUST000422,EDUCATION,PRD012,2511743.15,7.86,12,218330.04,2017-03-08,2018-03-03,1723160.6,CLOSED,BR0039,PROPERTY
LN00000203,CUST000342,HOME,PRD011,7355226.29,7.68,84,113471.02,2019-01-07,2025-12-01,7215944.52,RESTRUCTURED,BR0045,GOLD
LN00000204,CUST000429,HOME,PRD011,998039.79,10.24,24,46165.11,2019-06-21,2021-06-10,266703.17,RESTRUCTURED,BR0023,VEHICLE
LN00000205,CUST000099,EDUCATION,PRD011,9814681.78,10.25,240,96345.17,2021-08-12,2041-04-29,3020549.99,ACTIVE,BR0003,VEHICLE
LN00000206,CUST000493,BUSINESS,PRD010,130208.65,12.48,180,1603.16,2025-02-21,2039-12-05,59298.76,RESTRUCTURED,BR0021,GOLD
LN00000207,CUST000466,BUSINESS,PRD012,6266492.85,14.35,120,98620.65,2020-10-08,2030-08-17,4981770.99,CLOSED,BR0042,GOLD
LN00000208,CUST000314,CAR,PRD012,7296476.66,7.7,60,146900.87,2025-08-30,2030-08-04,4587055.22,RESTRUCTURED,BR0032,GOLD
LN00000209,CUST000364,CAR,PRD010,5390008.44,9.07,24,246414.29,2021-09-15,2023-09-05,5377245.57,CLOSED,BR0034,FD
LN00000210,CUST000223,GOLD,PRD011,3062509.15,12.45,84,54801.42,2017-03-17,2024-02-09,1482334.95,ACTIVE,BR0034,PROPERTY
LN00000211,CUST000272,EDUCATION,PRD010,3373547.58,14.51,180,46088.71,2017-06-24,2032-04-06,3114911.42,DEFAULT,BR0005,GOLD
LN00000212,CUST000229,GOLD,PRD009,5829386.46,12.2,84,103529.13,2026-01-20,2032-12-14,4738710.75,RESTRUCTURED,BR0004,FD
LN00000213,CUST000289,GOLD,PRD011,7241232.01,13.43,12,648228.88,2019-07-27,2020-07-21,3200697.19,ACTIVE,BR0007,FD
LN00000214,CUST000223,HOME,PRD010,7739614.74,13.81,180,102085.56,2025-10-23,2040-08-05,2332451.35,CLOSED,BR0001,VEHICLE
LN00000215,CUST000259,HOME,PRD012,3243140.13,12.65,120,47756.37,2024-02-20,2033-12-29,13926.24,CLOSED,BR0038,GOLD
LN00000216,CUST000337,EDUCATION,PRD012,9479197.76,8.3,12,825895.96,2018-10-27,2019-10-22,7273418.3,RESTRUCTURED,BR0034,NONE
LN00000217,CUST000140,GOLD,PRD010,7343113.14,8.7,180,73173.98,2016-04-23,2031-02-04,6811907.02,ACTIVE,BR0011,VEHICLE
LN00000218,CUST000382,CAR,PRD009,7161060.4,8.0,24,323875.37,2017-03-08,2019-02-26,3006749.24,ACTIVE,BR0003,PROPERTY
LN00000219,CUST000471,HOME,PRD010,5241605.41,11.11,84,90052.5,2017-02-17,2024-01-12,2247872.09,CLOSED,BR0036,GOLD
LN00000220,CUST000308,PERSONAL,PRD012,2402665.35,9.34,24,110140.34,2019-02-08,2021-01-28,1619911.82,CLOSED,BR0038,NONE
LN00000221,CUST000329,HOME,PRD009,9174479.48,8.3,60,187345.38,2024-09-23,2029-08-28,8043838.96,ACTIVE,BR0029,VEHICLE
LN00000222,CUST000073,EDUCATION,PRD011,2595638.15,9.33,12,227389.79,2019-09-23,2020-09-17,580843.25,RESTRUCTURED,BR0014,GOLD
LN00000223,CUST000360,EDUCATION,PRD009,1284453.65,10.54,120,17360.56,2022-12-13,2032-10-21,1267924.82,CLOSED,BR0030,FD
LN00000224,CUST000202,BUSINESS,PRD012,6348404.04,10.61,12,559928.26,2026-01-28,2027-01-23,3168671.27,RESTRUCTURED,BR0028,PROPERTY
LN00000225,CUST000156,CAR,PRD012,6461335.15,9.24,120,82691.06,2015-05-01,2025-03-09,5578875.23,ACTIVE,BR0042,VEHICLE
LN00000226,CUST000263,PERSONAL,PRD012,5518356.5,12.36,60,123759.05,2017-03-22,2022-02-24,2565588.24,DEFAULT,BR0028,NONE
LN00000227,CUST000032,HOME,PRD012,9393289.17,8.06,36,294611.61,2018-07-31,2021-07-15,1360048.45,RESTRUCTURED,BR0011,PROPERTY
LN00000228,CUST000079,CAR,PRD012,1232123.36,13.82,180,16259.96,2015-06-27,2030-04-09,312622.39,CLOSED,BR0004,VEHICLE
LN00000229,CUST000232,GOLD,PRD011,8310604.92,11.35,84,143831.78,2025-06-23,2032-05-17,5819639.02,DEFAULT,BR0024,FD
LN00000230,CUST000361,PERSONAL,PRD011,2176858.33,7.92,24,98374.0,2023-06-06,2025-05-26,1775769.32,ACTIVE,BR0008,NONE
LN00000231,CUST000475,HOME,PRD012,6515244.35,12.88,84,118100.45,2017-10-17,2024-09-10,938236.33,CLOSED,BR0028,VEHICLE
LN00000232,CUST000099,HOME,PRD011,1986361.64,8.15,12,172928.27,2015-09-02,2016-08-27,206563.38,ACTIVE,BR0020,FD
LN00000233,CUST000190,GOLD,PRD010,1525522.11,11.13,84,26225.05,2020-07-06,2027-05-31,1017466.17,ACTIVE,BR0014,NONE
LN00000234,CUST000494,PERSONAL,PRD010,8029360.06,13.85,24,384943.99,2017-11-12,2019-11-02,5167634.0,ACTIVE,BR0045,NONE
LN00000235,CUST000483,GOLD,PRD012,152544.33,13.03,240,1790.43,2015-02-01,2034-10-19,98911.22,ACTIVE,BR0047,PROPERTY
LN00000236,CUST000352,CAR,PRD012,7423743.54,8.96,12,649079.64,2023-03-17,2024-03-11,7128584.77,RESTRUCTURED,BR0018,GOLD
LN00000237,CUST000008,EDUCATION,PRD011,1672422.45,12.65,60,37753.78,2015-03-09,2020-02-11,446318.19,CLOSED,BR0002,NONE
LN00000238,CUST000388,BUSINESS,PRD009,5348957.74,9.59,84,87670.0,2023-10-23,2030-09-16,2154674.7,ACTIVE,BR0004,VEHICLE
LN00000239,CUST000463,CAR,PRD011,6540632.78,8.34,60,133687.29,2020-02-21,2025-01-25,1112515.6,ACTIVE,BR0049,NONE
LN00000240,CUST000136,GOLD,PRD012,2820449.24,11.22,240,29535.81,2026-01-31,2045-10-18,1384014.47,DEFAULT,BR0024,GOLD
LN00000241,CUST000378,GOLD,PRD009,3120365.36,10.27,24,144378.19,2023-05-08,2025-04-27,1453989.37,RESTRUCTURED,BR0027,NONE
LN00000242,CUST000224,BUSINESS,PRD012,2102121.14,10.66,12,185455.74,2022-10-05,2023-09-30,522705.83,ACTIVE,BR0015,VEHICLE
LN00000243,CUST000205,CAR,PRD009,1828907.06,12.61,12,163018.54,2017-06-19,2018-06-14,402250.56,ACTIVE,BR0027,VEHICLE
LN00000244,CUST000373,CAR,PRD012,949385.14,13.79,120,14621.13,2017-10-11,2027-08-20,619891.05,ACTIVE,BR0028,GOLD
LN00000245,CUST000313,EDUCATION,PRD011,2264367.93,8.66,180,22511.01,2015-10-25,2030-08-07,761630.66,CLOSED,BR0038,FD
LN00000246,CUST000222,BUSINESS,PRD009,5957683.03,9.96,84,98781.5,2021-03-27,2028-02-19,5908580.17,ACTIVE,BR0038,FD
LN00000247,CUST000293,GOLD,PRD010,6117427.28,11.86,120,87272.93,2025-09-13,2035-07-23,15260.4,ACTIVE,BR0001,NONE
LN00000248,CUST000432,BUSINESS,PRD012,1668241.28,13.79,36,56846.53,2016-01-19,2019-01-03,297459.1,ACTIVE,BR0021,GOLD
LN00000249,CUST000408,CAR,PRD011,8363745.48,9.91,36,269521.27,2019-03-26,2022-03-10,5998451.39,DEFAULT,BR0024,PROPERTY
LN00000250,CUST000280,HOME,PRD011,1227515.31,9.49,36,39315.2,2019-03-24,2022-03-08,288073.84,RESTRUCTURED,BR0036,GOLD
LN00000251,CUST000487,BUSINESS,PRD012,8818083.08,12.15,240,98018.41,2019-04-16,2039-01-01,7710885.07,CLOSED,BR0009,PROPERTY
LN00000252,CUST000349,GOLD,PRD010,3154173.48,11.98,24,148448.44,2017-08-21,2019-08-11,788280.47,DEFAULT,BR0039,GOLD
LN00000253,CUST000375,HOME,PRD011,5663915.87,11.21,180,65124.75,2019-06-26,2034-04-08,706057.26,CLOSED,BR0018,FD
LN00000254,CUST000093,CAR,PRD009,5253188.29,11.84,84,92284.24,2023-08-02,2030-06-26,3903567.45,CLOSED,BR0046,VEHICLE
LN00000255,CUST000333,HOME,PRD009,9304516.35,11.18,60,203138.98,2016-11-05,2021-10-10,4132441.4,CLOSED,BR0017,VEHICLE
LN00000256,CUST000459,CAR,PRD010,2430696.81,9.77,36,78169.54,2021-09-02,2024-08-17,473098.0,CLOSED,BR0010,GOLD
LN00000257,CUST000375,EDUCATION,PRD011,7800895.67,10.08,180,84211.03,2024-06-22,2039-04-05,5784366.95,RESTRUCTURED,BR0043,VEHICLE
LN00000258,CUST000442,PERSONAL,PRD012,4419840.55,13.56,120,67460.84,2018-09-09,2028-07-18,1599181.25,RESTRUCTURED,BR0011,NONE
LN00000259,CUST000014,CAR,PRD012,3939260.64,13.62,120,60266.67,2015-10-27,2025-09-04,1030684.29,RESTRUCTURED,BR0013,FD
LN00000260,CUST000432,PERSONAL,PRD010,8571048.95,7.75,60,172766.29,2024-03-23,2029-02-25,1281410.61,ACTIVE,BR0027,NONE
LN00000261,CUST000383,BUSINESS,PRD012,1519152.0,10.73,36,49541.07,2023-08-14,2026-07-29,94160.76,CLOSED,BR0017,GOLD
LN00000262,CUST000391,BUSINESS,PRD010,6161624.47,9.19,240,56192.89,2020-09-15,2040-06-02,5441468.42,RESTRUCTURED,BR0022,VEHICLE
LN00000263,CUST000477,EDUCATION,PRD009,7929430.8,14.88,60,188141.5,2015-07-16,2020-06-19,3233593.58,DEFAULT,BR0018,VEHICLE
LN00000264,CUST000116,GOLD,PRD012,4033413.83,11.59,36,133178.59,2017-02-06,2020-01-22,919280.26,ACTIVE,BR0017,FD
LN00000265,CUST000217,HOME,PRD012,4981978.93,13.35,240,59614.25,2019-02-03,2038-10-21,3436331.62,DEFAULT,BR0024,NONE
LN00000266,CUST000320,HOME,PRD009,5274454.86,14.73,84,100982.52,2024-09-05,2031-07-31,2157955.1,ACTIVE,BR0042,GOLD
LN00000267,CUST000116,CAR,PRD012,527322.37,9.92,180,5640.85,2021-10-02,2036-07-15,311510.58,RESTRUCTURED,BR0035,NONE
LN00000268,CUST000465,BUSINESS,PRD010,1089132.73,10.26,24,50388.75,2025-12-11,2027-12-01,475392.99,ACTIVE,BR0012,PROPERTY
LN00000269,CUST000083,GOLD,PRD009,6686362.02,11.57,36,220712.18,2015-01-17,2018-01-01,4099716.92,RESTRUCTURED,BR0044,VEHICLE
LN00000270,CUST000362,EDUCATION,PRD011,1566166.94,12.06,120,22524.3,2025-01-24,2034-12-03,1084396.17,DEFAULT,BR0002,FD
LN00000271,CUST000035,GOLD,PRD010,7445999.56,11.24,24,347872.2,2024-12-18,2026-12-08,4110013.64,ACTIVE,BR0045,NONE
LN00000272,CUST000046,HOME,PRD012,2136374.55,10.58,84,36109.86,2015-11-26,2022-10-20,1422114.47,RESTRUCTURED,BR0002,FD
LN00000273,CUST000304,GOLD,PRD011,2222756.34,11.5,60,48884.21,2020-02-17,2025-01-21,125068.05,DEFAULT,BR0004,NONE
LN00000274,CUST000041,CAR,PRD012,953927.66,11.19,12,84394.27,2017-08-05,2018-07-31,451117.19,RESTRUCTURED,BR0042,NONE
LN00000275,CUST000061,EDUCATION,PRD012,380944.94,7.64,240,3101.56,2021-08-14,2041-05-01,51237.9,RESTRUCTURED,BR0002,PROPERTY
LN00000276,CUST000059,BUSINESS,PRD010,8298850.53,13.96,84,155337.24,2023-07-10,2030-06-03,974797.3,CLOSED,BR0017,FD
LN00000277,CUST000051,PERSONAL,PRD009,9670244.09,8.35,24,438904.22,2020-08-09,2022-07-30,315041.53,RESTRUCTURED,BR0005,NONE
LN00000278,CUST000231,EDUCATION,PRD011,8095248.45,9.25,120,103645.67,2024-06-28,2034-05-07,7961975.66,RESTRUCTURED,BR0003,GOLD
LN00000279,CUST000288,CAR,PRD010,9633977.24,9.89,120,126727.61,2025-12-15,2035-10-24,1032349.19,CLOSED,BR0022,FD
LN00000280,CUST000117,BUSINESS,PRD010,749511.09,10.75,24,34846.16,2023-01-08,2024-12-28,424397.31,RESTRUCTURED,BR0009,NONE
LN00000281,CUST000390,BUSINESS,PRD009,1650592.69,14.42,12,148528.34,2016-12-11,2017-12-06,1275995.03,CLOSED,BR0050,FD
LN00000282,CUST000058,EDUCATION,PRD012,6585251.33,14.24,180,88762.9,2017-04-14,2032-01-26,4849717.38,DEFAULT,BR0037,VEHICLE
LN00000283,CUST000363,PERSONAL,PRD010,1974902.05,12.98,84,35905.88,2020-08-24,2027-07-19,60729.04,DEFAULT,BR0001,NONE
LN00000284,CUST000451,PERSONAL,PRD010,7446944.13,10.78,180,83615.82,2021-06-18,2036-03-31,2610765.17,ACTIVE,BR0002,NONE
LN00000285,CUST000128,PERSONAL,PRD010,1797529.09,8.94,84,28865.88,2023-12-05,2030-10-29,1737480.59,ACTIVE,BR0033,NONE
LN00000286,CUST000131,CAR,PRD012,5750214.85,14.54,240,73771.22,2016-02-16,2035-11-03,4843872.16,ACTIVE,BR0022,FD
LN00000287,CUST000131,PERSONAL,PRD010,6994013.3,8.92,60,144912.81,2024-03-05,2029-02-07,4142164.94,CLOSED,BR0047,NONE
LN00000288,CUST000256,BUSINESS,PRD009,1579314.53,14.54,60,37191.52,2022-09-09,2027-08-14,646157.03,DEFAULT,BR0035,PROPERTY
LN00000289,CUST000402,HOME,PRD010,1761749.46,14.46,240,22498.74,2015-11-01,2035-07-19,424579.1,DEFAULT,BR0042,PROPERTY
LN00000290,CUST000465,HOME,PRD009,2643101.78,10.19,12,232604.27,2016-01-13,2017-01-07,88928.52,ACTIVE,BR0050,NONE
LN00000291,CUST000389,BUSINESS,PRD012,6052968.07,13.35,180,77983.95,2024-08-13,2039-05-27,1366178.45,DEFAULT,BR0039,GOLD
LN00000292,CUST000258,CAR,PRD011,9855537.61,13.76,240,120841.54,2025-07-28,2045-04-14,4868218.44,DEFAULT,BR0048,NONE
LN00000293,CUST000450,GOLD,PRD011,9935810.98,9.34,24,455466.5,2022-03-06,2024-02-24,9832228.66,RESTRUCTURED,BR0028,VEHICLE
LN00000294,CUST000187,PERSONAL,PRD011,7810208.63,9.77,240,74183.93,2016-01-04,2035-09-21,6888911.35,RESTRUCTURED,BR0011,NONE
LN00000295,CUST000231,BUSINESS,PRD012,2144710.82,10.54,84,36206.0,2017-04-19,2024-03-13,1480402.64,DEFAULT,BR0017,FD
LN00000296,CUST000437,GOLD,PRD011,6792716.43,8.58,36,214681.22,2019-06-26,2022-06-10,4439697.53,CLOSED,BR0046,GOLD
LN00000297,CUST000336,PERSONAL,PRD010,2088965.6,11.12,84,35900.12,2026-02-04,2032-12-29,170098.59,DEFAULT,BR0007,NONE
LN00000298,CUST000381,GOLD,PRD009,3567929.26,10.69,120,48524.23,2015-03-15,2025-01-21,1933431.38,DEFAULT,BR0043,PROPERTY
LN00000299,CUST000247,CAR,PRD009,9226788.86,10.23,84,154274.36,2025-04-15,2032-03-09,5560643.25,ACTIVE,BR0042,PROPERTY
LN00000300,CUST000219,PERSONAL,PRD009,9053788.11,10.24,240,88815.52,2018-10-05,2038-06-22,38224.88,RESTRUCTURED,BR0023,NONE
